filename,width,height,mode,mean_intensity,std_intensity,min_intensity,max_intensity,entropy,sharpness,has_nan
J074321.08+173617.2.jpg,800,800,RGB,42.51390729166667,31.71117575943175,0,255,6.498445183589348,13670.82454409,False
J115428.07+262854.5.jpg,800,800,RGB,47.8115109375,38.945569114395425,0,255,6.7435389838506055,14294.641776635,False
J100327.20-013244.9.jpg,800,800,RGB,46.924266145833336,41.060082187925126,0,255,6.5509574925844865,13198.86269364,False
J074516.67+460758.3.jpg,800,800,RGB,45.794396875,32.85898542542547,0,255,6.370508954531668,14190.851804749998,False
J144957.01+331357.6.jpg,800,800,RGB,43.64743229166667,29.756518056459058,0,255,6.343373827367765,14755.613404059997,False
J152609.64+254229.7.jpg,800,800,RGB,42.81983541666666,34.24788571780131,0,255,6.590947562612606,13004.09322309,False
J134216.21+152822.8.jpg,800,800,RGB,40.90993541666667,29.679060569490666,0,255,6.511374800824488,12304.60224034,False
J211035.98-063421.8.jpg,800,800,RGB,40.4432,28.262387232739798,0,255,6.430823821583743,14043.00908089,False
J162049.62+160944.4.jpg,800,800,RGB,37.485559375,28.291957352635567,0,255,6.455281090381442,13365.95122076,False
J085449.37+175806.2.jpg,800,800,RGB,41.47375104166667,29.386251312484884,0,255,6.548847716419529,13456.889922509998,False
J013035.89+194315.5.jpg,800,800,RGB,43.1284703125,32.795359222375346,0,255,6.41487924230674,14195.38090181,False
J155841.36+141335.2.jpg,800,800,RGB,40.728938541666665,34.789923539043215,0,255,6.570785673043646,13698.703713065,False
J100422.74+243334.4.jpg,800,800,RGB,38.328000520833335,29.290559779916002,0,255,6.397932431940848,12806.580559375,False
J235512.49+130959.8.jpg,800,800,RGB,39.97055833333334,30.85622883938126,0,255,6.281997177740735,13920.993211014998,False
J155547.64+423626.0.jpg,800,800,RGB,43.02534583333333,29.662319062609818,0,255,6.35890597381321,12996.043390539999,False
J161443.89+172026.2.jpg,800,800,RGB,42.151971875,32.79738858963025,0,255,6.656190380851395,13900.058680375003,False
J220408.09-092749.3.jpg,800,800,RGB,39.58693958333333,32.588060103364796,0,255,6.458958922327727,14231.33982904,False
J161110.96+114926.4.jpg,800,800,RGB,41.33766979166667,32.47557107445219,0,255,6.509542670199656,13965.04172026,False
J122222.24+073339.1.jpg,800,800,RGB,40.362657291666665,28.08261946733485,0,255,6.440080398212876,13978.381006690002,False
J080824.01+062919.4.jpg,800,800,RGB,42.2001109375,31.740223722697035,0,255,6.408812673055896,14422.915217875001,False
J160131.43+143717.4.jpg,800,800,RGB,44.213372916666664,32.66594418501374,0,255,6.649383633919191,14482.468881015,False
J074656.34+221636.3.jpg,800,800,RGB,47.3152515625,35.31729532771219,0,255,6.472644970297995,13251.502446015,False
J102524.30+551056.3.jpg,800,800,RGB,41.81598697916667,33.38299954286608,0,255,6.408117236606475,14520.155559375,False
J113651.22+212241.0.jpg,800,800,RGB,43.3819453125,36.512283914217505,0,255,6.6885599240491755,14376.92894311,False
J001446.13+181922.3.jpg,800,800,RGB,39.45813489583333,29.805939624450467,0,255,6.5096598011634965,13301.189129515,False
J120449.70+510044.0.jpg,800,800,RGB,41.425003125,33.009687600290015,0,255,6.508184876817469,13980.909641815,False
J094759.60+270505.3.jpg,800,800,RGB,37.938545833333336,31.748295220799903,0,255,6.475657496072269,14038.78816411,False
J121949.62+233741.2.jpg,800,800,RGB,38.31316354166667,29.12416646611832,0,255,6.503756723017398,13707.107473714997,False
J080426.22+504757.7.jpg,800,800,RGB,45.93114947916666,37.92592026352093,0,255,6.41891383836073,14953.494266185004,False
J095235.49+400058.3.jpg,800,800,RGB,42.6417953125,34.26822772758103,0,255,6.461644057906875,14798.54884579,False
J113317.83+053517.7.jpg,800,800,RGB,41.00221770833333,29.177521889691665,0,255,6.398967946844438,13129.980607214999,False
J163000.16+485258.7.jpg,800,800,RGB,48.65610885416667,40.705315938469894,0,255,6.782786175158269,14605.781642434999,False
J151552.88+002827.1.jpg,800,800,RGB,38.34959375,30.597741216359324,0,255,6.348482208062888,13904.103274815,False
J083214.75+263625.4.jpg,800,800,RGB,42.04849375,33.90852250329127,0,255,6.584240610555651,14214.795261500001,False
J160226.77+550512.3.jpg,800,800,RGB,47.44882447916667,31.723601030085906,0,255,6.572951776576526,14870.726379625,False
J125636.21+052810.8.jpg,800,800,RGB,39.585619270833334,29.70949835081583,0,255,6.470008927804543,13119.587135875001,False
J151324.59+061437.9.jpg,800,800,RGB,41.771384895833336,29.69289072510983,0,255,6.525854146518983,13624.85780941,False
J113709.21-024721.4.jpg,800,800,RGB,38.066997916666665,28.693326710883415,0,255,6.48549730799127,13435.082740535,False
J095706.59-015315.0.jpg,800,800,RGB,41.158488541666664,30.481573278083275,0,255,6.522531958950038,12034.156606764998,False
J143348.18+183039.3.jpg,800,800,RGB,40.517336979166664,33.358893530124064,0,255,6.542714945749106,14307.73235341,False
J145157.86+530952.4.jpg,800,800,RGB,44.512763541666665,32.9057317323594,0,255,6.428799848219999,14538.858622265,False
J115454.13+571301.2.jpg,800,800,RGB,41.6960734375,31.280135020069427,0,255,6.346876797169829,14782.133713985002,False
J074305.09+173042.6.jpg,800,800,RGB,43.5832359375,29.432404882975074,0,255,6.376801957853933,14024.96159646,False
J160050.21+291210.0.jpg,800,800,RGB,51.946528125,34.967577201486485,0,255,6.613332959838026,14561.545545365,False
J152238.37+274240.9.jpg,800,800,RGB,44.71903802083333,33.52704645835105,0,255,6.668752534488189,14131.079229124998,False
J143541.92+142315.4.jpg,800,800,RGB,42.94918385416667,29.68503202918079,0,255,6.418242369130072,13865.549950139999,False
J104353.29+315225.5.jpg,800,800,RGB,45.803294270833334,36.424436524494745,0,255,6.697308181738183,14588.999003115001,False
J142337.94+173938.2.jpg,800,800,RGB,39.75943489583333,28.484269339142685,0,255,6.435594719658193,13123.09184309,False
J161128.10+070254.4.jpg,800,800,RGB,40.693275,30.541720764789513,0,255,6.307135719428309,12306.52629371,False
J082025.06+545428.6.jpg,800,800,RGB,40.93736927083334,32.88331885869487,0,255,6.356270868060842,14247.811665250001,False
J102343.19+140750.1.jpg,800,800,RGB,38.97013385416667,30.17924321506698,0,255,6.515394227702153,13824.801919190002,False
J151331.19+373902.5.jpg,800,800,RGB,48.1503453125,35.50035447204965,0,255,6.704519541168648,14166.565559609997,False
J144535.05+155542.0.jpg,800,800,RGB,40.561061458333334,29.481225110200324,0,255,6.45115073001847,13417.49477731,False
J113535.41+235954.3.jpg,800,800,RGB,44.583480208333334,36.584991085436705,0,255,6.730061786842173,14250.573326624999,False
J213549.12+000755.9.jpg,800,800,RGB,42.7747015625,30.171100332960346,0,255,6.267587869670976,14460.899916235,False
J084043.34+035011.0.jpg,800,800,RGB,41.05718072916667,29.427561745072342,0,255,6.387040490566421,12786.757589385,False
J144113.05+095057.0.jpg,800,800,RGB,39.047969270833335,28.207888201025536,0,255,6.465325520795577,13595.066347114998,False
J170238.10+783333.9.jpg,800,800,RGB,50.940617708333335,37.76284792118355,0,255,6.663510727711421,14765.05479375,False
J082445.34+544707.0.jpg,800,800,RGB,48.407378125,34.070635532130474,0,255,6.580870850137322,13987.418465284998,False
J095133.45+580318.9.jpg,800,800,RGB,47.15911770833333,35.599134122965616,0,255,6.671855608751311,14437.362225510002,False
J234801.43+140334.9.jpg,800,800,RGB,38.050853645833335,29.712650536893182,0,255,6.461395083776036,13396.20980584,False
J132231.82+064907.5.jpg,800,800,RGB,43.1273515625,34.91960398568444,0,255,6.472185517575826,13897.401804125002,False
J135103.07+572337.6.jpg,800,800,RGB,42.52868177083333,31.23403684387203,0,255,6.426686184973996,14981.246304790002,False
J210135.66+002059.0.jpg,800,800,RGB,39.865822916666666,30.17267784232906,0,255,6.3329678494835155,13770.759189010001,False
J134218.54+065608.8.jpg,800,800,RGB,41.74545364583334,28.30581663956628,0,255,6.395495787340629,14149.418216315002,False
J010303.61+323907.5.jpg,800,800,RGB,41.85115,31.362531402442098,0,255,6.589701558798054,12356.233531810001,False
J103252.99+120534.0.jpg,800,800,RGB,43.18017135416667,34.46454091483938,0,255,6.490045132945894,11387.751686985,False
J134843.43+025231.0.jpg,800,800,RGB,42.697815104166665,31.95883490616583,0,255,6.62988320604718,13939.46156875,False
J114045.53+422704.9.jpg,800,800,RGB,44.67322083333333,34.21274045039702,0,255,6.416861291717217,14896.910570875001,False
J004136.84+212425.6.jpg,800,800,RGB,43.3255671875,36.46295863421659,0,255,6.67664831134576,14122.670209765,False
J133920.20+653633.8.jpg,800,800,RGB,42.31689114583333,28.298017272667575,0,255,6.391015727060223,14322.585173285002,False
J125212.24+072518.7.jpg,800,800,RGB,41.902484375,33.48206797853961,0,255,6.537223743199113,13546.180520459997,False
J081228.55+432516.0.jpg,800,800,RGB,45.25197708333334,35.78362897109712,0,255,6.346490478085386,14685.113947840002,False
J084705.03+533734.6.jpg,800,800,RGB,46.36607083333333,32.64700366641604,0,255,6.444587173402506,14747.618558285003,False
J013653.59-050046.0.jpg,800,800,RGB,41.73559739583333,32.37716001662401,0,255,6.182691024609734,12813.50759119,False
J162638.25+222419.3.jpg,800,800,RGB,41.2366875,33.49372403690992,0,255,6.547495237055977,13937.129562464997,False
J074627.69+181155.6.jpg,800,800,RGB,52.43264583333333,39.34540539778733,0,255,6.846978804738957,13244.015275939999,False
J101141.30+190129.0.jpg,800,800,RGB,38.560064583333336,28.075305514737128,0,255,6.455885556699707,13688.846530185003,False
J071136.20+393935.9.jpg,800,800,RGB,56.120353125,49.580784106600234,0,255,6.896488692658821,14303.13342924,False
J110340.70+222021.9.jpg,800,800,RGB,37.96921875,29.047753416681214,0,255,6.404123365345546,13360.916007165,False
J124755.87+225619.2.jpg,800,800,RGB,52.3117890625,43.619442334349856,0,255,6.824819285292991,12694.3917625,False
J133101.89+391302.9.jpg,800,800,RGB,39.4730578125,30.175056927483435,0,255,6.371861675939747,14719.406022709998,False
J121836.63+224113.4.jpg,800,800,RGB,39.03349427083333,29.01279461843208,0,255,6.553540772097843,12002.662717415,False
J121256.97+151706.0.jpg,800,800,RGB,55.7649640625,44.86977771706605,0,255,7.013425442717154,13739.903902959997,False
J121244.03+600531.9.jpg,800,800,RGB,39.598441666666666,28.846846644331805,0,255,6.369995388935039,14298.54832169,False
J112219.81+243046.4.jpg,800,800,RGB,40.539918229166666,33.14043409733765,0,255,6.607063649005234,13515.546536625001,False
J103944.96+443105.4.jpg,800,800,RGB,44.3116265625,31.093636638488874,0,255,6.3795563770182175,14375.388496265,False
J114026.30-041253.9.jpg,800,800,RGB,46.84620989583333,36.2236234952371,0,255,6.666875617853646,13557.344532765,False
J162024.78+262504.3.jpg,800,800,RGB,39.7425515625,31.39154414391762,0,255,6.3508368322433295,13535.627463375,False
J130738.45+471940.3.jpg,800,800,RGB,44.10869375,33.92388370556519,0,255,6.4130571169114665,14651.679482340001,False
J092826.31+350219.6.jpg,800,800,RGB,44.396138541666666,35.423619375671834,0,255,6.486921870192811,14620.607572714996,False
J222127.57+125610.4.jpg,800,800,RGB,47.1872171875,37.82479922886401,0,255,6.727723875492682,13823.46452326,False
J144900.97+164837.2.jpg,800,800,RGB,45.340965625,36.31562256718957,0,255,6.7014134703352575,14097.76130331,False
J092921.06+120647.6.jpg,800,800,RGB,43.4070421875,35.85365684062221,0,255,6.710822787398784,13487.606774835,False
J152628.90+062923.5.jpg,800,800,RGB,41.0700625,31.9339176822663,0,255,6.4218299312711205,12769.98507225,False
J082124.24+220347.3.jpg,800,800,RGB,37.72330885416667,30.339091735289593,0,255,6.375893471174885,13452.319601359999,False
J155645.13+370953.4.jpg,800,800,RGB,43.0902109375,33.36132015222502,0,255,6.437902560952959,14729.071375375002,False
J004430.89-101049.9.jpg,800,800,RGB,43.830683854166665,37.583992897867134,0,255,6.673235082928918,13634.836921089998,False
J151608.90+494205.9.jpg,800,800,RGB,42.78108072916667,30.80504155638096,0,255,6.500993359571782,14330.56814241,False
J142950.31+353412.2.jpg,800,800,RGB,50.722177083333335,41.59297268682506,0,255,6.685756408258698,13021.103037689998,False
J225600.13+151046.2.jpg,800,800,RGB,48.344865625,37.6951440008174,0,255,6.691156697805605,13765.602764309999,False
J144005.42+083857.5.jpg,800,800,RGB,40.065469791666665,30.48412515758072,0,255,6.332568977971394,12877.42737706,False
J094723.70+333219.0.jpg,800,800,RGB,39.61544270833333,30.182081968270943,0,255,6.359420188819464,14470.805355415,False
J112641.78+184909.2.jpg,800,800,RGB,38.9044828125,30.47524755348279,0,255,6.508825909482177,14101.709339125002,False
J074648.82+353526.9.jpg,800,800,RGB,49.5818015625,38.67702507847571,0,255,6.4959133360725065,14779.28223939,False
J161303.12+305459.8.jpg,800,800,RGB,44.7811703125,34.848565571943354,0,255,6.582613115329317,14423.924569335002,False
J105511.95+052900.2.jpg,800,800,RGB,38.77587239583333,29.99631754559578,0,255,6.445339071915547,13633.645215939998,False
J210108.21-053531.6.jpg,800,800,RGB,42.244728125,34.59664995853164,0,255,6.503371709118358,14113.136332909999,False
J105201.56+042922.4.jpg,800,800,RGB,39.58885052083333,30.363161536665025,0,255,6.544689220270718,13830.590803125,False
J103310.17+254445.7.jpg,800,800,RGB,43.51817604166666,35.57867438049338,0,255,6.658525345501431,14339.29741471,False
J234940.63+003557.6.jpg,800,800,RGB,41.7958546875,30.521406340532284,0,255,6.217676960621728,14368.072559315002,False
J012257.21-101454.4.jpg,800,800,RGB,41.3624390625,33.88796759650551,0,255,6.5271603913449505,13587.661518749997,False
J153957.19+151303.3.jpg,800,800,RGB,40.1172921875,31.17325398313301,0,255,6.398474487203403,14000.047845209998,False
J142009.01+585645.7.jpg,800,800,RGB,43.002063541666665,33.80014489170319,0,255,6.463553714208023,14189.263742040002,False
J083314.66+250409.7.jpg,800,800,RGB,47.96059270833333,37.10833722840502,0,255,6.7919741155704445,13315.368345109999,False
J092124.37+204407.8.jpg,800,800,RGB,44.9483359375,35.791917021218815,0,255,6.6860860153722035,14323.509727539998,False
J152801.45+012904.8.jpg,800,800,RGB,50.269992708333334,30.487521606865872,0,255,6.733396292856975,14298.605810264999,False
J132646.90+025447.6.jpg,800,800,RGB,40.35220104166667,30.019081123671693,0,255,6.497759362309603,14202.3560335,False
J121803.63+614527.7.jpg,800,800,RGB,45.47696614583333,29.031029352658088,0,255,6.381808985630196,14492.052606565,False
J093219.26+412811.2.jpg,800,800,RGB,46.6091625,35.84572691012501,0,255,6.453036854319708,14944.702111499999,False
J212811.65+001759.5.jpg,800,800,RGB,47.43586614583333,35.47852440759644,0,255,6.319593068797612,12352.50612881,False
J102155.55+100109.5.jpg,800,800,RGB,39.8979640625,30.09808793796751,0,255,6.522817233991105,12239.35875911,False
J170259.90+351843.9.jpg,800,800,RGB,53.17812083333333,39.80745962402942,0,255,6.75014856706469,14637.562254235,False
J130544.06+252655.6.jpg,800,800,RGB,48.35304895833333,37.15543024993816,0,255,6.7991113267380365,13611.349154000001,False
J135343.56+214845.0.jpg,800,800,RGB,43.075825,35.586555258309396,0,255,6.5257835998287375,14023.811201534998,False
J165900.16+250748.0.jpg,800,800,RGB,40.21690104166667,31.617174736416978,0,255,6.430391944759608,13708.388337909999,False
J143258.53+062003.1.jpg,800,800,RGB,39.3588671875,30.651405882453457,0,255,6.45390628311805,14205.249094665,False
J102921.99+120701.0.jpg,800,800,RGB,39.09294375,31.46313164842309,0,255,6.587044282991127,12994.542525140001,False
J110219.37+441938.5.jpg,800,800,RGB,41.138675,31.271781783439227,0,255,6.25840357227594,14355.61770625,False
J101010.85-000636.7.jpg,800,800,RGB,43.81469375,33.77357784647703,0,255,6.672667557155434,14289.970966064999,False
J125927.05+235510.1.jpg,800,800,RGB,38.878008854166666,27.76625732367445,0,255,6.4880344314707985,13704.07939044,False
J083812.51+002459.0.jpg,800,800,RGB,44.963945833333334,32.983295426327544,0,255,6.67058839402214,13461.769498935002,False
J144154.59+222820.7.jpg,800,800,RGB,41.40287291666667,30.26701968996975,0,255,6.563762029453441,13303.799941415,False
J114319.19+262512.4.jpg,800,800,RGB,45.6258484375,36.29961502154596,0,255,6.640333800955496,14044.612096609997,False
J151932.45+071951.4.jpg,800,800,RGB,42.556490625,33.246681953130604,0,255,6.58647108311011,13366.940624515,False
J120213.53+384640.0.jpg,800,800,RGB,41.305084375,29.74360744665646,0,255,6.357027468656539,14739.625181015002,False
J131825.53-004802.6.jpg,800,800,RGB,39.149324479166665,30.777000080754377,0,255,6.286963034304029,14586.337191439998,False
J105642.66+255737.3.jpg,800,800,RGB,39.503964583333335,28.201159308890343,0,255,6.5475302543632345,12315.37525804,False
J113759.77+485548.0.jpg,800,800,RGB,54.758014583333335,37.99349898249858,0,255,6.775310882518483,14254.441765560001,False
J141243.41+115456.5.jpg,800,800,RGB,46.64495572916667,36.24101952442722,0,255,6.745785949438831,13721.096668374998,False
J132749.81+324033.9.jpg,800,800,RGB,40.470069270833335,30.99710109068994,0,255,6.401938962435207,14386.71545336,False
J095319.97+204035.0.jpg,800,800,RGB,39.964663020833335,28.91246722771574,0,255,6.547970566763324,13603.10750201,False
J150505.20+365539.4.jpg,800,800,RGB,45.37600208333333,30.412843752955137,0,255,6.511422421747756,14128.143360999999,False
J122945.71+650223.2.jpg,800,800,RGB,40.42569114583333,31.26108683442072,0,255,6.4444269769909965,14242.427746240002,False
J145553.51+321040.1.jpg,800,800,RGB,41.9797609375,34.22763056400753,0,255,6.636236894821546,14047.384530964997,False
J113905.97+494834.2.jpg,800,800,RGB,40.78040989583333,29.53004530133085,0,255,6.412331278928647,14617.040228125,False
J093449.79+022215.4.jpg,800,800,RGB,40.926995833333336,27.920643098192585,0,255,6.505502745855327,13812.773290564995,False
J084032.04+064706.2.jpg,800,800,RGB,42.6201828125,35.627713871014976,0,255,6.567744537921458,14006.6982465,False
J164615.95+384013.4.jpg,800,800,RGB,38.32732135416666,31.19006021224721,0,255,6.295339356861693,14352.410605375,False
J095713.59+242105.7.jpg,800,800,RGB,43.536366145833334,32.183249661173704,0,255,6.619483005108627,14347.175175014996,False
J081325.50+130459.8.jpg,800,800,RGB,40.1466578125,30.892591046886945,0,255,6.438794786303914,14503.038857160001,False
J125456.85+000318.5.jpg,800,800,RGB,39.0234875,30.480199231834817,0,255,6.4173573741539665,14242.520292664998,False
J113010.41+200052.7.jpg,800,800,RGB,39.15119114583333,30.77680046669225,0,255,6.4754586131797405,13772.274057335002,False
J110449.11+121853.5.jpg,800,800,RGB,42.26560677083334,28.04054113804013,0,255,6.3571744034257245,14308.720973065001,False
J203814.79+011457.2.jpg,800,800,RGB,51.99085208333333,43.17508852846304,0,255,6.658705989436458,13955.404485984998,False
J153919.60+145816.7.jpg,800,800,RGB,46.165058854166666,35.470316769384716,0,255,6.6711614931014935,14590.127224535001,False
J133740.43+595930.5.jpg,800,800,RGB,46.36874375,38.42324137871291,0,255,6.599707055278014,14568.554961159998,False
J142753.88-002930.0.jpg,800,800,RGB,38.8636921875,29.083739351387027,0,255,6.490589995556606,13308.648856,False
J090611.51+164136.8.jpg,800,800,RGB,44.820186979166664,32.25331722420252,0,255,6.5707545491219514,14015.695399585,False
J232313.66+010025.1.jpg,800,800,RGB,45.73913802083333,32.74523167397036,0,255,6.3432808500682345,14395.831375389998,False
J211613.07+114143.3.jpg,800,800,RGB,43.52313125,35.726324683095235,0,255,6.374360699831989,13859.869379685,False
J124003.25+094020.1.jpg,800,800,RGB,41.576992708333336,33.18219454199591,0,255,6.610739164761701,13469.635772284999,False
J090646.67+522537.2.jpg,800,800,RGB,48.367866666666664,32.103113234138036,0,255,6.541793799315295,14471.710298435002,False
J083321.61+292731.8.jpg,800,800,RGB,43.6283953125,40.90895688214739,0,255,6.377815930610907,11461.655017109999,False
J124624.19+573309.4.jpg,800,800,RGB,39.82065364583333,28.764813665270754,0,255,6.371748234857104,14640.588468739998,False
J124247.22+204108.7.jpg,800,800,RGB,41.7739421875,32.9215819133575,0,255,6.50694256242129,13987.744060435003,False
J111430.50+113545.6.jpg,800,800,RGB,42.069203125,29.12117041150344,0,255,6.497361341664569,14048.418591434996,False
J090725.49+035051.6.jpg,800,800,RGB,45.71857395833333,36.37597297392523,0,255,6.702781840980606,14292.11149621,False
J102012.73+131707.3.jpg,800,800,RGB,40.751840625,31.820666997638494,0,255,6.548609227625672,13164.16815625,False
J135702.24+280642.1.jpg,800,800,RGB,38.78846458333334,31.002008228916864,0,255,6.406704694945293,13369.888356439998,False
J102922.95+483801.8.jpg,800,800,RGB,40.66977708333334,29.3336528281422,0,255,6.352854017731825,13381.697269515,False
J151733.59+335217.0.jpg,800,800,RGB,42.040564583333335,28.824949124232276,0,255,6.3704619849790065,15029.129622140003,False
J101406.73+350849.1.jpg,800,800,RGB,43.13844739583333,32.4164196679618,0,255,6.389105163632595,14242.199909239998,False
J093117.74+084704.3.jpg,800,800,RGB,42.83255416666667,31.275019391433894,0,255,6.5967056105692485,13065.259135889999,False
J152208.99+280533.1.jpg,800,800,RGB,44.59635052083333,33.27180946565428,0,255,6.716867327790033,13185.71177851,False
J222750.51+004236.1.jpg,800,800,RGB,42.30288125,32.61748598704482,0,255,6.190598319616343,14704.904373374999,False
J170657.76+334644.0.jpg,800,800,RGB,41.252376041666665,32.18229184531341,0,255,6.416526204177162,14430.03690326,False
J010614.29-011316.9.jpg,800,800,RGB,41.291594270833336,32.331734915977684,0,255,6.3236536927671345,14289.1577065,False
J085435.09+082630.4.jpg,800,800,RGB,44.326134375,35.37136291542133,0,255,6.602107737849549,13898.314957685,False
J155155.32+274858.0.jpg,800,800,RGB,42.784932291666664,31.522841239951156,0,255,6.461949805640116,14498.609913314998,False
J135740.55+212457.8.jpg,800,800,RGB,42.3282875,32.28588535168803,0,255,6.492355440706442,12357.090685984998,False
J095140.01+322614.6.jpg,800,800,RGB,41.1028828125,30.021053359507427,0,255,6.403091675389493,13688.918938435,False
J214703.62+271346.8.jpg,800,800,RGB,47.583255729166666,41.175927872871235,0,255,6.707470628035094,13252.592149215001,False
J082110.29+391546.9.jpg,800,800,RGB,60.8320328125,43.65836520219338,0,255,6.902471382647124,13515.87803631,False
J083639.14+044804.2.jpg,800,800,RGB,42.245269791666665,34.40292446114568,0,255,6.416970931705415,13670.071129750002,False
J001535.93+073614.5.jpg,800,800,RGB,40.25953020833333,28.265646834027386,0,255,6.389356772750203,13895.166597865,False
J140242.23+172319.3.jpg,800,800,RGB,39.34115104166667,31.21079676517038,0,255,6.532341847453203,13804.508017250002,False
J161754.17+381006.7.jpg,800,800,RGB,43.192149479166666,35.87065445421214,0,255,6.526315864451186,14748.552097389998,False
J092903.71+430026.3.jpg,800,800,RGB,42.803946875,29.08325104415216,0,255,6.406384487938645,14710.579049589998,False
J162500.56+263729.6.jpg,800,800,RGB,40.2310890625,34.3341332142572,0,255,6.512186964740043,13735.388126635004,False
J092625.50+085129.5.jpg,800,800,RGB,40.74113072916666,34.39133343367848,0,255,6.557048968815191,13932.752816265,False
J003032.93+145635.4.jpg,800,800,RGB,50.21964895833333,31.222522489144005,0,255,6.571588662718168,13411.180988715001,False
J021936.40-053120.3.jpg,800,800,RGB,49.68079739583333,33.449042163814795,0,255,6.4510088913707175,14908.966950385004,False
J144949.98+160214.0.jpg,800,800,RGB,40.265999479166666,28.046464256620943,0,255,6.4597494126365325,12959.113210534999,False
J214539.08-070353.8.jpg,800,800,RGB,39.8966515625,29.671724700539958,0,255,6.419098821957485,13443.218804125,False
J084904.70+571643.4.jpg,800,800,RGB,44.50074479166667,34.67674970752908,0,255,6.442828179767393,14511.16354204,False
J171855.97+572218.7.jpg,800,800,RGB,47.32051875,34.69706097996724,0,255,6.528929332189075,14130.24421609,False
J133253.03+072336.4.jpg,800,800,RGB,45.695565625,36.93593321441401,0,255,6.565384882547905,12909.056632910002,False
J170209.64+351011.6.jpg,800,800,RGB,42.120990625,28.694683283992912,0,255,6.416369961089437,14484.902439125002,False
J160709.28+360510.7.jpg,800,800,RGB,44.01306770833333,31.795972279415082,0,255,6.484330083832964,13874.49387029,False
J094635.39+034117.3.jpg,800,800,RGB,42.917363020833335,33.66071550822275,0,255,6.542911418022533,14063.638042014998,False
J131544.40-012607.6.jpg,800,800,RGB,41.5420625,31.903201062554217,0,255,6.507188421135637,13960.168874,False
J170255.70+634825.4.jpg,800,800,RGB,41.44138854166667,31.815534058149726,0,255,6.3358427885253175,14717.355690375,False
J114912.70+192443.8.jpg,800,800,RGB,39.7658828125,31.384775038968876,0,255,6.529939566267855,13825.38387225,False
J093546.29+082430.0.jpg,800,800,RGB,40.128602083333334,29.55121669879537,0,255,6.550494133865921,13815.508009135003,False
J151312.53+160417.2.jpg,800,800,RGB,37.764553125,29.43097344809353,0,255,6.44957466666473,12927.811270565,False
J164753.59+290848.9.jpg,800,800,RGB,45.149503645833335,35.70654320017153,0,255,6.7252848414449105,13626.683724,False
J094727.84+333615.1.jpg,800,800,RGB,46.0859453125,36.18371661810175,0,255,6.527682086381387,14794.210499985003,False
J005010.12-004611.9.jpg,800,800,RGB,44.4573375,30.303271786273516,0,255,6.468870714215306,14748.463441499996,False
J130602.44+163051.7.jpg,800,800,RGB,42.86808020833333,32.97389403442618,0,255,6.60177304764678,14100.753972749999,False
J125922.69+163650.1.jpg,800,800,RGB,45.86599947916667,35.128106989008806,0,255,6.7045462276631005,13870.69335901,False
J125809.69+273257.9.jpg,800,800,RGB,42.3506859375,32.4403958581849,0,255,6.593926593750812,12961.144092085,False
J125109.60+663842.2.jpg,800,800,RGB,40.012933333333336,28.937323549133257,0,255,6.376255845180749,14620.833335909998,False
J155949.80+052738.0.jpg,800,800,RGB,38.46141458333334,28.822135386694615,0,255,6.49785958943429,13018.138994134999,False
J121426.95+113755.0.jpg,800,800,RGB,43.40374166666667,34.50344670222475,0,255,6.669934299895356,13173.637142715,False
J141040.97+212811.1.jpg,800,800,RGB,37.30646614583333,29.343407317157713,0,255,6.464009289629736,13380.936609085,False
J111924.86+395504.8.jpg,800,800,RGB,43.8159359375,34.01251623336713,0,255,6.38675049977052,14492.423054339999,False
J144048.52+011507.6.jpg,800,800,RGB,39.100141666666666,28.60646204277856,0,255,6.464021599162366,13676.812141890001,False
J112343.51+214855.9.jpg,800,800,RGB,42.88670416666667,34.42405444555908,0,255,6.6375734966853726,14264.153008740002,False
J140724.97+103954.3.jpg,800,800,RGB,41.75595,33.382822382514334,0,255,6.371115329640324,13925.26079806,False
J122019.76+295935.2.jpg,800,800,RGB,55.194130208333334,40.628468786827455,0,255,6.954570575066513,14084.131147985,False
J152232.28+221741.5.jpg,800,800,RGB,43.698191666666666,35.76878733122773,0,255,6.649113632404063,14271.989164334998,False
J143327.88+314029.5.jpg,800,800,RGB,38.66143072916667,28.58824958051846,0,255,6.419558096587303,13745.057945610002,False
J090148.19+203632.0.jpg,800,800,RGB,40.63093645833333,29.71946853176459,0,255,6.473396005407527,14254.067312334999,False
J145753.57+012627.2.jpg,800,800,RGB,48.68051302083333,36.461384816784495,0,255,6.64525894029472,14153.90061525,False
J231748.80+164240.9.jpg,800,800,RGB,46.717726041666666,39.30421096444307,0,255,6.528651052478977,12421.688742115,False
J162705.69+270332.9.jpg,800,800,RGB,41.89991875,31.905575799172343,0,255,6.4911467245076935,13739.91945275,False
J094531.34+543900.3.jpg,800,800,RGB,43.22773854166667,35.01767157674307,0,255,6.625637067391417,14470.265904750002,False
J085435.45+315824.9.jpg,800,800,RGB,73.29966458333334,50.63827051470883,0,255,7.3454665731108895,13773.307528365001,False
J224926.81-092440.8.jpg,800,800,RGB,39.389986979166665,29.87829065297378,0,255,6.354818379145645,14462.065921340001,False
J110447.82+122600.1.jpg,800,800,RGB,40.7124921875,29.11507384835648,0,255,6.355933668472532,14288.806315434998,False
J044152.80+010403.9.jpg,800,800,RGB,51.41291354166667,42.438327401247115,0,255,6.726739159423416,12252.54327729,False
J130441.52+033718.4.jpg,800,800,RGB,40.392496875,29.914077186359076,0,255,6.454855616274187,14475.542203375,False
J145601.79+263526.8.jpg,800,800,RGB,43.08716979166667,32.95372252888517,0,255,6.599883240617307,13979.734201,False
J005555.18+180507.1.jpg,800,800,RGB,40.01914427083333,30.976867169594925,0,255,6.389270630779703,12977.020515765,False
J150806.86-000930.6.jpg,800,800,RGB,46.72934114583333,33.065331991712426,0,255,6.467025669900744,13809.71431875,False
J151918.45+271335.9.jpg,800,800,RGB,39.488622916666664,28.37374012877591,0,255,6.471792245405031,13140.768526625001,False
J131900.36+374830.1.jpg,800,800,RGB,42.007825520833336,30.3147908706634,0,255,6.385571934908971,14672.866331435001,False
J092904.36+003005.6.jpg,800,800,RGB,42.00413072916667,35.52702114411757,0,255,6.594794825954171,13669.401138215,False
J160138.27+002158.2.jpg,800,800,RGB,42.92473385416667,31.843552904313164,0,255,6.528882071342741,14428.988006635005,False
J000724.90+071239.4.jpg,800,800,RGB,51.31282395833333,38.44605475972482,0,255,6.842151244591426,12328.965574685,False
J074708.41+252634.8.jpg,800,800,RGB,45.791470833333335,34.66652113295549,0,255,6.55935829722423,14609.457688764998,False
J112021.93+223445.9.jpg,800,800,RGB,43.4024671875,35.856186281339966,0,255,6.72781344610853,13572.222273610001,False
J084542.86+194224.2.jpg,800,800,RGB,49.22725416666667,42.699217563601,0,255,6.825443736195004,12548.390035265,False
J143817.63+561140.4.jpg,800,800,RGB,40.356281770833334,29.080246987642177,0,255,6.367989307643304,13723.030302565003,False
J093855.09+025753.0.jpg,800,800,RGB,62.319053125,38.302911264725395,0,255,6.922365770862778,14452.889424335002,False
J153718.89+011055.3.jpg,800,800,RGB,52.43206927083333,38.61671711350369,0,255,6.721601842178833,14028.719556235,False
J015627.64+030000.3.jpg,800,800,RGB,40.905847395833334,31.540638276536118,0,255,6.313769546163826,14526.102039,False
J085441.60+140859.8.jpg,800,800,RGB,39.451753645833335,29.05046005799179,0,255,6.502746974033835,12311.10058529,False
J074635.97+444816.9.jpg,800,800,RGB,50.1888703125,41.12683108113108,0,255,6.595988816133059,12638.417185015001,False
J162253.33+440716.4.jpg,800,800,RGB,41.16103177083333,29.21182878843116,0,255,6.380910310486851,14964.53051101,False
J125249.04-001954.3.jpg,800,800,RGB,41.1984328125,28.675353309763363,0,255,6.45322331844938,14521.837712040002,False
J083500.75+260145.1.jpg,800,800,RGB,46.618415104166665,38.4817230798783,0,255,6.603528963699519,14280.535903565002,False
J120421.83+040400.2.jpg,800,800,RGB,38.49115885416666,29.11262455177262,0,255,6.367637068868858,14132.188410259998,False
J153826.88+083536.1.jpg,800,800,RGB,38.7884859375,29.811631885147303,0,255,6.451471259721798,14232.854609490001,False
J085647.11+142247.7.jpg,800,800,RGB,43.594425,36.97507345274708,0,255,6.494212600017034,13464.97321604,False
J152518.61+223047.6.jpg,800,800,RGB,39.7602921875,30.45444848215325,0,255,6.549938688019212,13923.34186875,False
J091051.23+281219.0.jpg,800,800,RGB,48.07146770833333,37.807175667457614,0,255,6.7840193223860155,13701.989184765001,False
J124742.45+230841.2.jpg,800,800,RGB,47.80005625,34.275559678097686,0,255,6.719798954546797,13828.96636414,False
J115000.03+054250.2.jpg,800,800,RGB,39.21660052083333,28.744574748003167,0,255,6.416892862765052,13791.604316415,False
J121854.76+261844.5.jpg,800,800,RGB,43.9517140625,34.35371104755748,0,255,6.580091813844654,14564.120765585,False
J141109.67+062218.4.jpg,800,800,RGB,39.541963020833336,29.580159780612227,0,255,6.492182710125597,14007.087360860001,False
J131656.46+014926.3.jpg,800,800,RGB,48.75928020833334,40.757521031688945,0,255,6.747306120430159,14251.437354000002,False
J163916.36+390227.0.jpg,800,800,RGB,41.44512395833333,29.919537061843904,0,255,6.371308501634736,13979.915938839998,False
J162652.99+090733.2.jpg,800,800,RGB,40.731403125,29.78715828049184,0,255,6.402510035084111,13922.667917839997,False
J002340.72+003248.0.jpg,800,800,RGB,41.06734895833333,30.25322099850656,0,255,6.335429367355478,14712.591467614997,False
J091112.56+281925.9.jpg,800,800,RGB,41.93491041666667,29.671450254767485,0,255,6.461268827776436,14316.491541585001,False
J164441.98+231635.3.jpg,800,800,RGB,40.1177,29.743105045567564,0,255,6.4525270622609305,14283.447633240003,False
J132520.52+202840.6.jpg,800,800,RGB,41.8498890625,29.071455242825554,0,255,6.4863136147919835,13043.646544,False
J163348.04+213132.4.jpg,800,800,RGB,39.49457291666667,32.805899617499186,0,255,6.450908548503464,13809.681544784999,False
J025757.50+054714.9.jpg,800,800,RGB,47.8810875,38.15285715088291,0,255,6.496558653204421,13217.155033085,False
J121650.99+363717.7.jpg,800,800,RGB,39.81544427083333,30.997557768642547,0,255,6.25101721137866,14585.222493559999,False
J085549.61+553104.9.jpg,800,800,RGB,43.50687552083333,30.268179258817003,0,255,6.468722822393591,14445.315599959999,False
J135530.00+401229.7.jpg,800,800,RGB,50.250044270833335,32.02680191470039,0,255,6.580190252418242,14703.715395289999,False
J164147.60+313332.2.jpg,800,800,RGB,65.6792640625,59.4528587308541,0,255,6.6228745421425765,13829.273978214997,False
J080205.07+310711.6.jpg,800,800,RGB,40.02794895833333,28.087089525659202,0,255,6.4524897798815255,13616.117533810002,False
J150507.86+080626.3.jpg,800,800,RGB,43.98527447916667,32.127134435134465,0,255,6.566455052382595,13257.788366515,False
J233127.22+135432.0.jpg,800,800,RGB,48.280893229166665,40.995588488961936,0,255,6.6265521929476305,14611.570869839996,False
J122236.44+194327.6.jpg,800,800,RGB,42.22871979166667,34.775760906584054,0,255,6.606306705877887,13525.353717035001,False
J153540.98+523739.2.jpg,800,800,RGB,47.63272083333333,32.96558230079364,0,255,6.51689838891821,14925.23257906,False
J091112.65+510754.1.jpg,800,800,RGB,47.83198333333333,37.19465121133757,0,255,6.523293105820869,14367.650447875,False
J114347.25+143039.3.jpg,800,800,RGB,39.899865104166665,30.188844252032403,0,255,6.386141584537237,14126.564541765001,False
J110031.30+072429.2.jpg,800,800,RGB,42.38886458333333,32.16229741422134,0,255,6.600106206871708,13363.484562874999,False
J204539.33-045632.8.jpg,800,800,RGB,60.0343375,44.351518494986095,0,255,7.096121976165989,14140.42325849,False
J234057.73+210646.6.jpg,800,800,RGB,41.22100885416667,30.224517975597447,0,255,6.457309977022292,13696.538845340001,False
J094956.23+244349.1.jpg,800,800,RGB,40.807313020833334,32.678400619377925,0,255,6.541583420874824,13176.24255626,False
J130718.58+192151.3.jpg,800,800,RGB,42.91356302083334,32.47350492136319,0,255,6.60582900240178,13474.76442551,False
J144414.65+005606.0.jpg,800,800,RGB,39.7515328125,34.11514592148531,0,255,6.520804045728693,13737.80893134,False
J110512.09+022725.3.jpg,800,800,RGB,38.265047395833335,29.610295601481734,0,255,6.395527018801518,12989.507568265,False
J215915.81-005622.5.jpg,800,800,RGB,44.8337203125,33.609568508630964,0,255,6.381205508717143,14453.482650375,False
J143123.75+575728.4.jpg,800,800,RGB,48.2148640625,34.53710496512621,0,255,6.616982136406481,13801.010779589998,False
J113156.61+050328.5.jpg,800,800,RGB,40.610321354166665,32.425851955378874,0,255,6.540759087297374,13760.9696465,False
J082919.53+504112.5.jpg,800,800,RGB,42.527115625,34.10958864688268,0,255,6.314658966427422,14198.875502060002,False
J080955.15+194553.2.jpg,800,800,RGB,46.397645833333335,35.83805404000845,0,255,6.7040347639664,12387.794871625,False
J014221.80-101007.1.jpg,800,800,RGB,48.031908333333334,36.06414441057208,0,255,6.600467333907068,14829.119271860001,False
J151720.15+253908.1.jpg,800,800,RGB,38.304930729166664,29.289016678263142,0,255,6.478834323224187,13134.75641861,False
J163043.82+404747.5.jpg,800,800,RGB,50.1092265625,38.02676366000502,0,255,6.67776347206808,14675.679710839999,False
J135540.50+305236.6.jpg,800,800,RGB,45.934584375,32.08435952305015,0,255,6.627171992523886,13962.179077059998,False
J234627.00+142933.1.jpg,800,800,RGB,50.677159375,34.275197041945404,0,255,6.663124304345873,14750.131216914999,False
J024331.69+015908.4.jpg,800,800,RGB,41.52434635416667,33.788892081398174,0,255,6.348656491381225,14369.026604089999,False
J153043.18+262209.7.jpg,800,800,RGB,44.5725171875,31.439054345392087,0,255,6.506441096675835,13742.408797889999,False
J162104.14+402322.4.jpg,800,800,RGB,44.11519375,32.13512344032556,0,255,6.580774522714283,14548.395694125004,False
J155655.21+121052.7.jpg,800,800,RGB,40.097654166666665,31.18942926760175,0,255,6.4613246593747204,13250.297330635,False
J002213.80+222823.9.jpg,800,800,RGB,57.80561927083333,45.29233368475613,0,255,6.900071062183445,13057.466150999999,False
J041246.35-055129.4.jpg,800,800,RGB,44.91459947916667,32.65881662132307,0,255,6.694094677221608,12843.180372815,False
J144218.90+345021.6.jpg,800,800,RGB,44.2695015625,30.965765062193707,0,255,6.520289257444444,14543.837960374998,False
J153343.19+312005.3.jpg,800,800,RGB,49.1162203125,39.297007686991414,0,255,6.901656200426195,14277.993497235,False
J102134.19+643636.9.jpg,800,800,RGB,41.41272708333333,32.99921137158205,0,255,6.482597930162131,13899.53648114,False
J123755.50-012834.0.jpg,800,800,RGB,42.505896875,30.729549443115257,0,255,6.557680707503363,14360.768217215002,False
J153431.79+145142.5.jpg,800,800,RGB,39.986866666666664,33.792465959745456,0,255,6.617700204721662,13527.53441875,False
J160953.54+184307.4.jpg,800,800,RGB,40.776771875,31.18763135303068,0,255,6.424026912809432,13294.990696875,False
J154526.42+473425.4.jpg,800,800,RGB,45.95754791666667,33.37228428257927,0,255,6.546121582979469,14415.296259625,False
J145044.34+100713.1.jpg,800,800,RGB,48.90459270833333,39.600026680214455,0,255,6.643538411994742,14430.416610360002,False
J122706.75+080113.4.jpg,800,800,RGB,41.99245416666667,31.778565600134723,0,255,6.56085247264767,13488.16436234,False
J095420.23+461548.7.jpg,800,800,RGB,44.47194375,34.34448154866857,0,255,6.491487599357209,14302.984067135,False
J005628.64-091124.6.jpg,800,800,RGB,40.3715109375,29.033368516860353,0,255,6.451505687633362,13080.449361465002,False
J125050.00+064310.4.jpg,800,800,RGB,39.20931875,32.21221621001725,0,255,6.437917724153757,13442.471903685,False
J125311.97+140140.8.jpg,800,800,RGB,39.8505515625,32.753377069172,0,255,6.521950844843089,14261.769883335,False
J141608.77+140207.4.jpg,800,800,RGB,45.127246354166665,32.163989739606585,0,255,6.628738442796474,13947.271960764998,False
J105314.01+331033.6.jpg,800,800,RGB,43.14301302083334,32.01623344565543,0,255,6.418302012083379,14688.166367685002,False
J075531.34+125926.2.jpg,800,800,RGB,40.33318072916666,34.36372393051349,0,255,6.629248539866501,13762.634554815,False
J155702.27+152331.4.jpg,800,800,RGB,39.284149479166665,30.434138164967354,0,255,6.471644817883751,13233.597545859999,False
J114842.74+622743.9.jpg,800,800,RGB,45.414988020833334,29.39382832835375,0,255,6.392201785091094,14537.495563840002,False
J120628.41+200111.9.jpg,800,800,RGB,38.884279166666666,30.603005236774802,0,255,6.399151666346883,12702.68244234,False
J150713.55+265630.9.jpg,800,800,RGB,45.83822708333334,40.95984121091576,0,255,6.7571394412295245,13809.318292065,False
J115406.08+121413.6.jpg,800,800,RGB,38.461590625,29.2292978506996,0,255,6.4900577882864345,12846.953061010001,False
J140601.76+153140.0.jpg,800,800,RGB,38.443385416666665,28.37506029724496,0,255,6.297559074396401,12833.106264359998,False
J103913.97+385638.5.jpg,800,800,RGB,39.62939739583334,29.68554197159427,0,255,6.255963168334844,14776.362693385,False
J151536.57+511450.4.jpg,800,800,RGB,37.68422708333333,23.919527673676303,0,255,6.171383223068811,14144.201260035003,False
J091614.21+055439.4.jpg,800,800,RGB,37.108811458333335,26.810941362309567,0,255,6.347182672003161,13047.01209216,False
J091552.21+293901.1.jpg,800,800,RGB,34.815006770833335,19.87236753805803,0,255,6.009150027277198,12673.02541944,False
J130810.32+031126.3.jpg,800,800,RGB,35.43954895833333,24.490933119147613,0,255,6.261140503057378,13403.360904565001,False
J110524.40+253657.8.jpg,800,800,RGB,37.40477447916667,24.913793092719718,0,255,6.260953303099228,13622.670470459998,False
J000530.49-043754.0.jpg,800,800,RGB,34.724860416666665,17.73351435962473,0,255,5.72813598920044,14134.878745035,False
J130015.94+401902.9.jpg,800,800,RGB,34.96183125,20.018878678966765,0,255,6.074102529312885,13639.488701010001,False
J143155.73+433707.6.jpg,800,800,RGB,37.418455208333334,24.330362770215434,0,255,6.216009522597935,14702.421918865,False
J015334.41-001534.6.jpg,800,800,RGB,36.5967828125,21.267728040481224,0,255,6.092087810000509,14263.808319139998,False
J135325.69+214617.0.jpg,800,800,RGB,34.948201041666664,20.763401324837144,0,255,5.9402555239198715,12794.70290025,False
J152129.32+511113.5.jpg,800,800,RGB,35.000678125,16.983003714453652,0,134,6.051817519483772,14198.557830959999,False
J110626.75+434044.2.jpg,800,800,RGB,37.63465,27.132768637955717,0,255,6.224051200883757,14445.59762309,False
J081715.15+295306.1.jpg,800,800,RGB,40.55484479166667,27.875871461842415,0,255,6.280905885107396,13688.21461509,False
J220202.07-010931.3.jpg,800,800,RGB,35.421577604166664,20.21268596417025,0,255,5.824031692507757,14239.32660616,False
J093932.72+222431.6.jpg,800,800,RGB,36.9841484375,26.445326486901227,0,255,6.324214993517744,14022.335551859998,False
J125827.21+453310.3.jpg,800,800,RGB,37.31541145833334,22.361633926481133,0,255,6.08527449262459,13888.016753010003,False
J132559.98+060343.4.jpg,800,800,RGB,37.77202916666667,25.210379499473678,0,255,6.380754559916217,12346.9834,False
J080829.42+064947.3.jpg,800,800,RGB,37.2729953125,25.48671923597699,0,255,6.122087262938541,14032.161869935,False
J221430.68-073335.6.jpg,800,800,RGB,37.26993802083334,25.960312550809977,0,255,5.987307245101903,13097.80657225,False
J155807.45+344204.2.jpg,800,800,RGB,38.36549010416667,25.42368996142357,0,255,6.230627862491195,13950.518000139999,False
J145958.48+105832.7.jpg,800,800,RGB,35.36008802083333,21.368045985101656,0,255,6.055385159626006,12377.00624104,False
J120310.84+042530.1.jpg,800,800,RGB,38.31191041666667,28.217481974395024,0,255,6.453675281517823,12975.91471141,False
J121437.13+631955.4.jpg,800,800,RGB,37.0908015625,23.448476015981953,0,255,6.204093719745563,13931.787453060002,False
J113823.84+041216.9.jpg,800,800,RGB,33.5427203125,18.289244732671893,0,255,6.0524875812173535,14315.083056139996,False
J110832.91+434703.1.jpg,800,800,RGB,36.77810625,22.69829696340038,0,255,6.10947901414611,14040.166982834999,False
J140532.18+263818.0.jpg,800,800,RGB,37.36623177083333,25.272587418206026,0,255,6.191412774843695,14304.298763835,False
J142656.98+414022.0.jpg,800,800,RGB,36.80984791666667,22.734492138822983,0,255,6.053741677075633,13839.827048865,False
J120453.26+522710.6.jpg,800,800,RGB,37.39939635416667,25.690271844574,0,255,6.22402305814683,14146.362287484997,False
J114003.72+042037.2.jpg,800,800,RGB,38.363022916666665,27.585744842737913,0,255,6.3370891172583725,14175.853350084999,False
J160703.50+382650.8.jpg,800,800,RGB,37.4665515625,25.43131122409989,0,255,6.298371988792583,13112.896615625,False
J080043.87+401410.4.jpg,800,800,RGB,38.02215104166667,26.807650920455895,0,255,6.144365233536249,14083.800864109999,False
J135118.01+463719.3.jpg,800,800,RGB,36.5053484375,24.035071088464658,0,255,6.183288764472323,14656.826183485002,False
J021117.59-010342.8.jpg,800,800,RGB,38.41861145833333,24.90764083044837,0,255,6.124345176231488,14575.677498084999,False
J224237.46-001321.6.jpg,800,800,RGB,41.5072046875,26.913313719870036,0,255,6.168452593655955,14693.343181625,False
J093104.00+360003.7.jpg,800,800,RGB,37.319056770833335,24.458651484995762,0,255,6.154599514086173,14566.832946,False
J150047.91+483627.1.jpg,800,800,RGB,37.89904375,25.271203958305044,0,255,6.254047102301481,13595.38480034,False
J222411.50+001338.0.jpg,800,800,RGB,38.59118229166667,26.477410111382742,0,255,5.985670784874758,13576.720094664997,False
J133522.16+334752.0.jpg,800,800,RGB,35.79862395833333,20.63636456553114,0,255,6.032223768332233,13497.055419035,False
J113638.13+430937.6.jpg,800,800,RGB,38.9701171875,29.409198784790966,0,255,6.199194241870348,14917.452369634997,False
J033416.49-070349.6.jpg,800,800,RGB,36.17880104166667,23.54590485404696,0,255,5.970157428522291,13446.008768535,False
J000410.67-073249.2.jpg,800,800,RGB,34.81212760416667,20.412762508629672,0,255,6.122768061228563,13866.689024239999,False
J100544.05+111538.9.jpg,800,800,RGB,37.567152604166665,27.859838232859268,0,255,6.342594987426986,13620.456518164998,False
J165024.79+293901.3.jpg,800,800,RGB,36.976205729166665,26.38858767258128,0,255,6.375556616706281,13321.080085765,False
J140724.96+022645.9.jpg,800,800,RGB,37.3244953125,25.96655074282423,0,255,6.253429997253767,13077.673393310002,False
J100652.19+375847.6.jpg,800,800,RGB,36.66998229166666,24.171324625380375,0,255,6.222086250543124,13892.95217214,False
J091457.21+564113.8.jpg,800,800,RGB,37.0876015625,27.328779100283295,0,255,6.222945335879058,14074.146474785,False
J165641.93+325211.7.jpg,800,800,RGB,36.78273541666667,22.490401963411614,0,255,6.058715734576837,12988.46758364,False
J140432.74+152418.3.jpg,800,800,RGB,37.615941666666664,26.995747624794486,0,255,6.3540576107153885,13635.485839965,False
J113555.39-061055.0.jpg,800,800,RGB,35.7743125,23.03003429731873,0,255,6.1742618030671075,13405.009318435,False
J143245.43+145335.5.jpg,800,800,RGB,39.3266828125,24.686705698327803,0,255,6.221082016423644,12960.640336585,False
J085711.85+332936.0.jpg,800,800,RGB,40.018647916666666,26.967744644547814,0,255,6.173570289704055,14625.305847460002,False
J104607.35+385512.0.jpg,800,800,RGB,38.69299791666667,27.93328811897188,0,255,6.229087791728652,14302.541866765,False
J140539.16-015334.2.jpg,800,800,RGB,33.67799427083333,17.094119582170663,0,255,5.890315570906523,13086.801469060001,False
J024738.26-005115.6.jpg,800,800,RGB,34.37171875,16.527057271211305,0,255,5.647898817281389,13185.355514765,False
J110245.36+141522.4.jpg,800,800,RGB,35.4575625,22.928632302580265,0,255,6.3123591714942275,12324.837542125002,False
J095912.35+140332.5.jpg,800,800,RGB,37.06801875,24.724213345078986,0,255,6.241582919138347,13419.507317124999,False
J143546.08+110653.6.jpg,800,800,RGB,35.95316875,21.23002982119958,0,255,6.1706231333596895,12663.25959021,False
J134611.70+263702.1.jpg,800,800,RGB,35.34005520833333,22.99361469238693,0,255,6.280916662977587,13285.648976625002,False
J091959.53+284834.9.jpg,800,800,RGB,34.747428125,18.30476839486437,0,255,5.893873706717422,12675.938293665,False
J152505.02+574358.3.jpg,800,800,RGB,38.43605677083333,26.403781685681132,0,255,6.250014331201209,13360.05379111,False
J104448.14+303659.8.jpg,800,800,RGB,38.20195208333333,28.245441921031624,0,255,6.254214671762621,14279.725036935002,False
J211003.30-003705.3.jpg,800,800,RGB,39.666140625,28.976104278659072,0,255,6.175172392577682,14044.0905125,False
J221843.84-010226.5.jpg,800,800,RGB,35.55729739583333,20.125192916469082,0,255,5.765301716133663,14086.734926000003,False
J012331.69+015734.9.jpg,800,800,RGB,37.34132916666667,23.524071462014877,0,255,5.911455369687911,13428.108291514998,False
J090639.88+475106.5.jpg,800,800,RGB,38.1721765625,24.881341350876276,0,255,6.172711164959694,14547.701570765,False
J123214.52+394258.9.jpg,800,800,RGB,35.8764796875,19.009907902500913,0,254,5.943522893271423,14423.823418165,False
J011316.42+154036.7.jpg,800,800,RGB,38.22286458333333,27.286892040150505,0,255,6.259847812703311,12396.02475016,False
J072925.23+433815.2.jpg,800,800,RGB,37.482378125,23.585666637165918,0,255,5.882979697168975,13271.988637339999,False
J170708.26+351201.5.jpg,800,800,RGB,36.0587703125,22.12571217564613,0,255,5.992193870872288,12930.874819625,False
J111738.45+094248.5.jpg,800,800,RGB,36.6929703125,27.286806201291256,0,255,6.346271840444555,13590.799078375,False
J145726.34+042301.3.jpg,800,800,RGB,37.1309453125,26.51313062451574,0,255,6.217333032180617,13785.409493135003,False
J113514.88+170233.5.jpg,800,800,RGB,36.367832291666666,25.86383636850639,0,255,6.391599729928724,13008.420952539998,False
J220522.53+011304.4.jpg,800,800,RGB,35.409434895833336,22.66515727304594,0,225,6.002708414106102,14859.907312309999,False
J114151.00+072509.2.jpg,800,800,RGB,37.7224484375,26.235582469729678,0,255,6.197269870557095,13149.485775289999,False
J093848.39+374702.9.jpg,800,800,RGB,39.40113958333333,28.88264493950216,0,255,6.260493143235867,14879.018463259998,False
J233949.76+142914.6.jpg,800,800,RGB,40.006349479166666,28.482339334312897,0,255,6.384777424551404,13221.178151115,False
J170811.99+345136.7.jpg,800,800,RGB,36.146621875,21.09692917881111,0,255,6.031378223439223,12828.498458015001,False
J100627.52+150628.1.jpg,800,800,RGB,38.96265,27.062522205117908,0,255,6.453608994861801,12478.564102684999,False
J112211.43+480155.6.jpg,800,800,RGB,38.65098489583333,24.245404921577002,0,255,6.291539776229052,13247.095794625,False
J132007.06+375733.7.jpg,800,800,RGB,38.54725625,26.105666753379477,0,255,6.277274186258214,14508.947659125,False
J152444.79+020059.2.jpg,800,800,RGB,37.293036979166665,22.973972833759966,0,255,5.9885041165003585,13499.174812690002,False
J110444.67+573446.8.jpg,800,800,RGB,37.854803125,27.38023587966005,0,255,6.373745972609292,13369.546645665,False
J124004.07+075905.8.jpg,800,800,RGB,35.82987135416667,22.722926965725613,0,255,6.174091193872814,12400.25070214,False
J142650.95+133353.6.jpg,800,800,RGB,34.285871354166666,19.043888153587936,0,255,5.992418213720945,13542.295303885001,False
J142025.26+102938.8.jpg,800,800,RGB,35.31123125,21.355400705107133,0,255,6.138362405192132,12745.766548790001,False
J001346.14-100401.1.jpg,800,800,RGB,36.13172083333333,19.617148844537336,0,255,5.934542760989661,13627.998833590002,False
J170853.88+604639.5.jpg,800,800,RGB,39.92490572916667,27.770841008684897,0,255,6.298052132641716,14135.328927315,False
J084135.16+515420.5.jpg,800,800,RGB,37.76942916666667,23.92197567978342,0,255,5.962767094018913,13205.387762615,False
J162745.86+380723.1.jpg,800,800,RGB,36.691299479166666,23.125777877207444,0,255,6.083560265563578,13612.357686499998,False
J104233.72+302141.4.jpg,800,800,RGB,34.629719791666666,19.94389246696801,0,255,6.055286057113162,12427.610452014998,False
J152417.04+525824.9.jpg,800,800,RGB,40.5236328125,25.076658133747408,0,255,6.141740396638415,14814.468018790001,False
J111942.08+442856.1.jpg,800,800,RGB,38.2381125,26.140415952837163,0,255,6.0567497563509,14466.337998035002,False
J211802.57+004142.1.jpg,800,800,RGB,39.776751041666664,29.53489305582923,0,255,6.101526749486512,14619.398349234998,False
J145108.17+005305.6.jpg,800,800,RGB,36.23248854166667,23.52347728234484,0,255,6.1680017485932455,12666.36759001,False
J120836.47+325245.5.jpg,800,800,RGB,34.88246822916667,17.72508707464305,0,255,5.9263572148615,13530.707786234998,False
J115849.63+092831.4.jpg,800,800,RGB,35.967455729166666,23.685625007929797,0,255,6.290389355405362,13090.866485765,False
J082244.79+121723.3.jpg,800,800,RGB,37.27625625,27.99932479068622,0,255,6.364977236133361,13893.8697435,False
J101722.67+255344.5.jpg,800,800,RGB,39.555935416666664,28.012412322858395,0,255,6.376829248663718,13523.281895485003,False
J110311.41+090648.1.jpg,800,800,RGB,37.5331421875,27.464131542560644,0,255,6.420728199659864,12626.760053665,False
J125748.40-003021.3.jpg,800,800,RGB,33.69366197916667,19.218372590774308,0,255,6.03653525265416,13516.997198435003,False
J120409.69-014538.9.jpg,800,800,RGB,36.647189583333336,23.726255187588247,0,255,6.243874510795682,14000.13311596,False
J140018.95+523503.4.jpg,800,800,RGB,38.79730260416667,28.1692377225563,0,255,6.30387825134976,14428.033579000003,False
J154155.47+211058.5.jpg,800,800,RGB,34.9708015625,20.944035822012612,0,255,5.916540946323676,13161.615439840001,False
J154909.10+071241.0.jpg,800,800,RGB,37.045843229166664,25.321125669471588,0,255,6.149191218859075,13670.177385285002,False
J110525.51+164442.4.jpg,800,800,RGB,36.97141614583333,26.9501816077823,0,255,6.337205706334703,13487.41259774,False
J235158.08+144711.1.jpg,800,800,RGB,35.32970208333333,22.863370510919403,0,255,6.054826038671245,12683.86069111,False
J024358.74-004913.7.jpg,800,800,RGB,39.14358020833333,30.07116611637758,0,255,6.186665034627875,14795.031010135,False
J131909.69+162654.0.jpg,800,800,RGB,39.24925625,25.7536930092269,0,255,6.2925431349113055,13555.044822715003,False
J101635.74+491019.5.jpg,800,800,RGB,37.6862796875,25.03719493246714,0,255,6.202491661657296,13560.051688235002,False
J073106.44+392639.9.jpg,800,800,RGB,37.78086666666667,25.095105087092627,0,255,6.01955813160223,12641.534943240002,False
J135557.94+565302.5.jpg,800,800,RGB,37.42262708333333,25.780855600912467,0,255,6.265997818167209,13702.73716789,False
J075503.28+384710.5.jpg,800,800,RGB,36.3648359375,20.697520243204863,0,255,6.0162207060293555,13385.572071874998,False
J134439.08+262716.2.jpg,800,800,RGB,38.463110416666666,24.733090511336727,0,255,6.330316248333278,13254.580933500001,False
J134237.18+170119.9.jpg,800,800,RGB,34.82114375,21.758089444507053,0,255,6.170673309540357,13000.638554615,False
J155314.83+395325.2.jpg,800,800,RGB,36.08051354166667,22.483003901716696,0,255,6.072572232480052,14186.59976025,False
J102319.39+203149.4.jpg,800,800,RGB,36.670829166666664,24.072465678740706,0,255,6.284910472976355,12796.82443101,False
J151806.99+191219.0.jpg,800,800,RGB,35.93065677083333,23.016576439508444,0,255,6.087295313462917,13663.109190460002,False
J160231.41+244145.5.jpg,800,800,RGB,35.63984791666667,23.656498113137342,0,255,6.231457191592546,13179.20725989,False
J101111.59+433159.6.jpg,800,800,RGB,37.09431875,25.11683538183898,0,255,6.200451224393295,14676.470390465003,False
J211957.71+010313.0.jpg,800,800,RGB,39.7368375,29.412611925673318,0,255,6.07380824061054,14863.197717685,False
J145847.45+083335.5.jpg,800,800,RGB,38.2859,26.842658170314156,0,255,6.284875904667186,14175.76939864,False
J131914.62-004510.4.jpg,800,800,RGB,35.83741875,23.516222141225867,0,255,6.240070821059754,13309.77584094,False
J225857.28+011220.2.jpg,800,800,RGB,37.823710416666664,22.780501990543172,0,255,5.818133172132895,13815.864810874999,False
J093716.56+552203.4.jpg,800,800,RGB,36.41883645833333,21.722264523321936,0,255,5.948984686575776,13949.437496885002,False
J135455.36+373911.9.jpg,800,800,RGB,36.94036979166667,24.307217752413663,0,255,6.190354614424952,13705.501045015002,False
J225002.80+190930.8.jpg,800,800,RGB,42.323427083333335,28.91200637503561,0,255,6.254089164408248,13834.652003359997,False
J110920.38+183555.9.jpg,800,800,RGB,38.088690104166666,26.223174690266934,0,255,6.398146309405928,12781.055535185,False
J025111.24-031244.0.jpg,800,800,RGB,42.464828125,28.22570729888876,0,255,6.252269997943115,14218.435380865,False
J090133.05+162056.4.jpg,800,800,RGB,38.24270729166667,26.536284189525077,0,255,6.312020748930872,12267.85887331,False
J094651.91+351503.9.jpg,800,800,RGB,36.04320416666667,22.811591010748227,0,255,6.109235743099685,13389.504953215,False
J130143.77+432709.9.jpg,800,800,RGB,34.3923625,18.503589477276936,0,255,5.8356097631398685,12658.86291879,False
J153152.28+241429.7.jpg,800,800,RGB,39.608183333333336,28.39512070232705,0,255,6.351799457636615,13437.659028939997,False
J230335.89+181412.5.jpg,800,800,RGB,36.93707239583333,25.330693873161085,0,255,6.219794786881001,12695.305425985,False
J000158.96-103325.8.jpg,800,800,RGB,39.73496041666667,26.335319733726415,0,255,6.315140456155165,13247.387159375,False
J155337.38+464626.8.jpg,800,800,RGB,37.729350520833336,26.181571512807636,0,255,6.227494804722632,14170.344065460002,False
J115647.66+463744.3.jpg,800,800,RGB,37.3917546875,25.28141508257245,0,255,6.15541550529355,14231.422790659999,False
J075708.23+474556.1.jpg,800,800,RGB,36.712080729166665,22.095611152013486,0,255,5.950743239285208,12594.54787504,False
J121515.29+032605.7.jpg,800,800,RGB,36.311125,25.34252783088883,0,255,6.242924096069028,13261.300005215,False
J131327.06+112347.5.jpg,800,800,RGB,35.81902760416666,22.612199383764356,0,255,6.143835652273606,12919.106830609999,False
J094944.14+013308.4.jpg,800,800,RGB,38.45269166666667,28.034556511501965,0,255,6.333494461859433,13661.011156,False
J075330.20+223653.5.jpg,800,800,RGB,38.408172916666665,27.613052074519032,0,255,6.2298428955358505,12488.86291259,False
J103812.82+052528.4.jpg,800,800,RGB,35.0194796875,20.547148733160235,0,255,6.100056555955604,12338.35043361,False
J122230.43+465618.0.jpg,800,800,RGB,34.70767135416666,18.49020570420077,0,255,5.977824275024327,13714.336877365,False
J150815.84+291136.7.jpg,800,800,RGB,38.143504166666666,27.08314271007243,0,255,6.393846163453219,13754.327090625004,False
J133548.16+592734.6.jpg,800,800,RGB,36.34110885416667,23.221758305781005,0,255,6.1049159589216275,14204.233978125,False
J084121.88+151958.9.jpg,800,800,RGB,35.556209375,23.65974534692126,0,255,6.228722968878377,12361.305550215,False
J093419.91+135546.7.jpg,800,800,RGB,36.599379166666665,26.5155018894212,0,255,6.403832242264987,13497.826899860002,False
J002334.50-035855.0.jpg,800,800,RGB,39.62755364583333,26.94573054587253,0,255,6.155023352737675,13775.50163901,False
J115516.11+545533.5.jpg,800,800,RGB,37.53718020833333,25.695247208198673,0,255,6.262435575779409,14288.21718854,False
J115207.01+072813.8.jpg,800,800,RGB,39.090502083333334,28.130702940285353,0,255,6.353050935061583,13979.180920385,False
J021541.94-010238.7.jpg,800,800,RGB,36.34858489583333,22.88315044979377,0,255,6.005706107354291,14822.09590334,False
J144520.36+463912.7.jpg,800,800,RGB,36.55026822916667,23.06642139608576,0,255,6.179270217606715,13850.122498235,False
J124220.79+683555.7.jpg,800,800,RGB,37.0987671875,23.045832114618324,0,255,6.0902681391159135,14150.749160989999,False
J092708.62+542237.0.jpg,800,800,RGB,36.8641109375,23.43255101741008,0,255,5.990335900301366,13227.027372565,False
J224616.78+142731.5.jpg,800,800,RGB,35.51797239583333,20.141842613524414,0,255,5.977210308176412,12746.27441621,False
J131150.08+562034.5.jpg,800,800,RGB,36.92868958333333,26.312937669192472,0,255,6.298421317390702,14256.26102036,False
J005728.72+011131.6.jpg,800,800,RGB,35.65211302083333,19.231607072401054,0,255,5.761172260459667,14573.670720684999,False
J092721.28+071446.9.jpg,800,800,RGB,37.256325,26.668298177849827,0,255,6.430560804357525,12660.696778115,False
J115438.21+063434.5.jpg,800,800,RGB,37.075130729166666,25.6399049062726,0,255,6.3186806609682575,13302.278302085,False
J102335.49+362755.5.jpg,800,800,RGB,38.6306765625,23.23297521148938,0,255,6.192243966872962,13524.830517339999,False
J114516.25+151216.9.jpg,800,800,RGB,38.0156828125,27.03447473804313,0,255,6.389680148082724,12614.42413591,False
J105757.46+403445.5.jpg,800,800,RGB,37.308265104166665,23.036558789340038,0,255,6.090678641418937,14550.81280329,False
J023528.85+035317.2.jpg,800,800,RGB,41.303934375,27.643067751771447,0,255,6.148349260008396,14317.641828560001,False
J110552.28+565625.2.jpg,800,800,RGB,37.1333015625,22.895575649877607,0,255,6.178674018171192,14159.36355956,False
J012253.63-000228.2.jpg,800,800,RGB,37.01370416666666,25.368317874450195,0,255,6.145859644224672,14461.034174685,False
J030533.45-071050.7.jpg,800,800,RGB,39.21726822916666,27.948427677076243,0,255,6.375204315749511,13367.416173889998,False
J102229.39+514750.0.jpg,800,800,RGB,39.391817708333335,25.194642550717727,0,255,6.262070849783702,14422.29880959,False
J120116.71+025034.3.jpg,800,800,RGB,38.356141145833334,23.14619995460186,0,255,6.160644844566654,13709.084757125001,False
J013503.33+030451.5.jpg,800,800,RGB,36.99390625,22.13960632157998,0,255,6.048971665939868,13262.318631560001,False
J145415.98+222207.4.jpg,800,800,RGB,35.629565104166666,22.36340205392393,0,255,6.170032796666602,13231.25975109,False
J142544.66+221207.7.jpg,800,800,RGB,37.08061875,25.125025799996344,0,255,6.373891651301366,12787.75098576,False
J034945.02-061047.1.jpg,800,800,RGB,38.46561302083333,27.152781564737165,0,255,6.33125837245311,14156.52803766,False
J023210.30+000731.7.jpg,800,800,RGB,35.975035416666664,23.579361555243867,0,255,6.10644859392891,14616.203715625,False
J114258.54+040230.2.jpg,800,800,RGB,36.50375833333333,23.992448539417506,0,255,6.060602663644586,13985.854840459999,False
J154338.88+180439.6.jpg,800,800,RGB,38.60253645833333,27.647787035156703,0,255,6.26379128009533,13933.102375,False
J110132.28+174859.4.jpg,800,800,RGB,38.000051041666666,28.941327590587964,0,255,6.377468944113334,13870.450790249997,False
J150123.33+380707.3.jpg,800,800,RGB,39.24533541666667,26.624853835905448,0,255,6.085172917107911,14395.948918260003,False
J112108.18+365226.9.jpg,800,800,RGB,36.6183015625,25.58725182160008,0,255,5.978331362152254,15036.334996610003,False
J121452.98+634125.6.jpg,800,800,RGB,36.5566953125,23.715069207500544,0,255,6.197555268351255,14365.23260625,False
J113359.20-030125.7.jpg,800,800,RGB,37.1471734375,26.157542528401397,0,255,6.351320101941547,13847.993683884999,False
J094804.17+480737.0.jpg,800,800,RGB,37.800178125,23.82356526305984,0,255,6.133238627083837,14315.85850574,False
J115936.01+213405.7.jpg,800,800,RGB,35.503749479166665,23.206201746151233,0,255,6.242907449335554,13374.263007125,False
J161842.31+104150.3.jpg,800,800,RGB,35.879389583333335,24.028736008559797,0,255,6.291254214031005,13715.32328651,False
J100016.53+521426.5.jpg,800,800,RGB,39.5155515625,29.33554420804627,0,255,6.27203435446448,14739.90588564,False
J124542.05+113520.6.jpg,800,800,RGB,38.214365625,26.778908395952556,0,255,6.238853319942986,13516.474573390002,False
J161731.58+411503.5.jpg,800,800,RGB,36.756040104166665,23.006988130567162,0,255,6.113805259911339,12850.04699619,False
J122956.13+352713.6.jpg,800,800,RGB,38.1090015625,23.048048191337287,0,255,6.2491908514101855,13807.341698839999,False
J232637.92+002653.8.jpg,800,800,RGB,37.7848453125,24.40504459511626,0,255,6.071108159461613,14841.291040364998,False
J113310.32+034247.4.jpg,800,800,RGB,36.992673958333334,22.633119387395837,0,255,6.152750826035149,12398.99481754,False
J094830.39+264758.0.jpg,800,800,RGB,36.7709875,24.092335489041126,0,255,6.271887533908637,13093.819832214998,False
J030824.72-004956.0.jpg,800,800,RGB,35.31944375,21.541272992767148,0,255,6.198949550564196,12539.210816784998,False
J105020.29+143721.8.jpg,800,800,RGB,38.345753125,28.216207066770796,0,255,6.364509997336242,13108.671621,False
J004749.53+251417.7.jpg,800,800,RGB,38.73709635416667,27.318237114953828,0,255,6.274862250548814,13484.077229625002,False
J152219.02-012019.5.jpg,800,800,RGB,38.319165625,24.81393154920877,0,255,6.174443445797354,14057.688113940001,False
J002628.92-093241.9.jpg,800,800,RGB,37.831393229166665,24.117097375499586,0,255,6.327499854784361,12604.658473385,False
J122009.60+465712.3.jpg,800,800,RGB,39.620181770833334,26.403789147430324,0,255,6.2862131279787645,14236.05229814,False
J091042.01+585114.8.jpg,800,800,RGB,36.37214635416667,21.835865620661355,0,255,6.0367624314752035,14108.151507339999,False
J154059.38+210719.1.jpg,800,800,RGB,36.986034375,24.73270537927432,0,255,6.11547017221731,14619.656732340001,False
J150202.31+080922.3.jpg,800,800,RGB,37.711898958333336,27.3998113945417,0,255,6.39703961923482,13537.649278710001,False
J034948.40-070435.4.jpg,800,800,RGB,36.1231890625,25.96389775118611,0,255,6.249885785462835,13866.006180040002,False
J151150.03+164434.0.jpg,800,800,RGB,35.91398177083333,22.95554059684541,0,255,6.196160670319373,13768.958240915,False
J110108.80+104340.3.jpg,800,800,RGB,35.89902135416666,22.531087012368467,0,255,6.2836719017012985,12783.886702865002,False
J143345.30-015733.9.jpg,800,800,RGB,34.950994791666666,20.655880381210807,0,255,6.188042742049574,13014.78363856,False
J120212.32+122314.3.jpg,800,800,RGB,35.7555078125,22.555578419563634,0,255,6.235307919294108,12762.370766765,False
J135519.43+435300.2.jpg,800,800,RGB,34.798755729166665,18.30047054306592,0,255,5.92710116322446,14225.064666625,False
J082133.28+550807.5.jpg,800,800,RGB,42.243147916666665,24.908862899892092,0,255,6.246682109202813,14335.356995710003,False
J155402.23+270128.0.jpg,800,800,RGB,36.091696354166665,23.803404028439555,0,255,6.237207084727393,14140.581746935,False
J132425.31+011845.1.jpg,800,800,RGB,37.78331614583333,27.350273339642822,0,255,6.332445414989207,13064.47343126,False
J224942.11+055927.3.jpg,800,800,RGB,38.60553125,25.533187995174828,0,255,6.061072188389493,13868.94335,False
J093334.99+504803.7.jpg,800,800,RGB,38.49892864583333,27.180970919049237,0,255,6.322388212350522,14071.073558265001,False
J144151.97+055520.8.jpg,800,800,RGB,37.059416666666664,23.974501729991992,0,255,6.271029531465018,13253.197736565,False
J145520.88+232216.5.jpg,800,800,RGB,36.5347984375,24.777941141138978,0,255,6.299431889870439,13785.313731635002,False
J124850.93+004503.4.jpg,800,800,RGB,37.29490416666667,26.416053363106357,0,255,6.322053312304289,13273.482034915,False
J114617.07+513550.8.jpg,800,800,RGB,38.329005208333335,25.464852704879775,0,255,6.186449207789283,14738.619437565,False
J141722.01+080910.8.jpg,800,800,RGB,37.10111666666667,28.381161691540903,0,255,6.431574240271347,13594.645791140001,False
J144357.29-010836.5.jpg,800,800,RGB,39.1754296875,28.051485792269723,0,255,6.325187682781902,14104.01756204,False
J122930.49+470128.7.jpg,800,800,RGB,38.45528125,26.713562005563116,0,255,6.250994644457485,14513.635034434998,False
J210102.50+001540.5.jpg,800,800,RGB,36.002440104166666,24.515889039560818,0,255,6.188644488815944,13576.137182315,False
J094812.19+404935.6.jpg,800,800,RGB,35.205628125,17.85235160137759,0,255,5.90150950768373,13334.96307666,False
J155619.83+283924.2.jpg,800,800,RGB,37.024058333333336,23.860745075784983,0,255,6.266333669924837,13197.37096214,False
J104437.42-000815.3.jpg,800,800,RGB,34.7825140625,20.062106833434928,0,255,6.122723089321636,13436.72926525,False
J222532.38+000914.9.jpg,800,800,RGB,39.71553541666667,30.860250790607033,0,255,6.138629515927257,14831.34529294,False
J133045.06+005002.5.jpg,800,800,RGB,39.456340104166664,26.317984781897007,0,255,6.274195606468727,13726.877669984999,False
J113919.50-025657.0.jpg,800,800,RGB,34.2728328125,19.524374970420695,0,231,6.127408730913988,12735.602003614998,False
J080123.12+174821.9.jpg,800,800,RGB,36.9673703125,25.80969797929957,0,255,6.324437633731802,12296.428380685,False
J113624.00-002948.5.jpg,800,800,RGB,35.61464322916667,22.236408715325553,0,255,6.166121090735365,12947.53101489,False
J121754.73+283042.8.jpg,800,800,RGB,36.5984921875,23.005925828954044,0,255,6.314077602921363,12965.841906665,False
J104155.66+402359.4.jpg,800,800,RGB,39.50060104166667,27.892621292295487,0,255,6.170896750931258,14568.81159475,False
J215353.31+173454.5.jpg,800,800,RGB,40.3981859375,29.651088610229426,0,255,6.258263021095982,13246.670441285001,False
J084711.85+364609.5.jpg,800,800,RGB,36.620871875,22.788863060125824,0,255,5.935708953700626,13504.16020625,False
J005515.96-090401.7.jpg,800,800,RGB,36.4313984375,23.66408211546117,0,255,6.20191533844425,13074.003017289999,False
J103024.23+105502.2.jpg,800,800,RGB,35.88936354166667,23.486458469703077,0,251,6.328013412926894,12866.960743009999,False
J132404.98+342049.7.jpg,800,800,RGB,37.80866822916666,25.06017859089668,0,255,6.107410307374363,13762.148572125,False
J215741.89+074929.5.jpg,800,800,RGB,40.09075677083333,27.474633683109367,0,255,6.404926079662741,13390.61895306,False
J164711.82+435625.4.jpg,800,800,RGB,37.40771927083333,22.249371290189103,0,255,6.09986043193801,13666.836909710002,False
J143020.16+321259.2.jpg,800,800,RGB,39.29628072916667,26.705106282950666,0,255,6.4302956365168225,13695.992109375,False
J145441.76+421830.8.jpg,800,800,RGB,36.1991078125,20.827162111047073,0,255,5.97349981284897,13794.495273565,False
J131416.49+014418.3.jpg,800,800,RGB,37.853640625,26.168945928651443,0,255,6.400457002291241,12957.368639915,False
J081225.88+531914.0.jpg,800,800,RGB,39.168603645833336,29.484747370430558,0,255,6.188403783811116,13758.300944749999,False
J003235.69-192134.0.jpg,800,800,RGB,39.29829479166666,34.06088788858757,0,255,5.9084567889078885,13263.430398535002,False
J090457.92+283202.6.jpg,800,800,RGB,37.57437083333333,28.19597044237851,0,255,6.305023241085646,14274.293861285001,False
J151446.29+000322.3.jpg,800,800,RGB,35.37638385416667,21.223000771729303,0,255,5.937534313042684,13301.544144585001,False
J092056.28+301757.2.jpg,800,800,RGB,34.89752083333333,19.440810519250462,0,219,5.939356004431108,13716.034965410001,False
J085011.60+493157.4.jpg,800,800,RGB,39.162825,25.799468815159255,0,255,6.239108216176879,14432.159796184998,False
J121904.32+184719.5.jpg,800,800,RGB,36.46573125,26.35179568965728,0,255,6.381415188745719,13089.071678735,False
J080141.30+373003.7.jpg,800,800,RGB,38.00696302083333,25.94616784797916,0,255,6.090626751402037,14792.407177749998,False
J224217.88-010751.3.jpg,800,800,RGB,35.7432421875,22.701076697774056,0,255,5.938515442670009,14392.963036624998,False
J164232.84+342545.8.jpg,800,800,RGB,36.2032828125,22.18424860106773,0,255,6.080446112147386,13768.88551254,False
J115756.74+011956.9.jpg,800,800,RGB,37.1509640625,26.99646427385137,0,255,6.38108004781933,13790.516724085,False
J091418.69+224453.4.jpg,800,800,RGB,37.19783489583333,24.8808316321653,0,255,6.250882328445179,13963.430817535002,False
J102537.20+425733.4.jpg,800,800,RGB,37.42851354166667,24.47454402662642,0,255,6.177978968646232,12893.63812569,False
J144250.77+145953.5.jpg,800,800,RGB,38.232110416666664,26.873867277762763,0,255,6.32125513976672,13776.272909485,False
J131210.09+465239.3.jpg,800,800,RGB,37.447958854166664,24.408625461657476,0,255,6.207653714807816,14874.48786875,False
J085155.20+350418.0.jpg,800,800,RGB,35.36574739583333,18.596408512710397,0,255,5.848834417380248,13530.613226064997,False
J103822.52+395426.4.jpg,800,800,RGB,36.58752760416667,23.14121529152064,0,255,6.108795258365879,14585.065303125,False
J111200.33+303953.8.jpg,800,800,RGB,37.871221875,27.483259422531894,0,255,6.3851187484890515,13783.392460335,False
J114746.27-031405.7.jpg,800,800,RGB,35.99418020833333,26.061184828623805,0,255,6.252698205759283,14603.087172874999,False
J110949.73+322647.3.jpg,800,800,RGB,36.074588541666664,21.22364557141677,0,255,6.0039994841779745,12882.027236765,False
J102936.71+440605.9.jpg,800,800,RGB,36.801153125,23.56774796825744,0,255,6.170724108463903,13986.345497750002,False
J000116.06+011216.9.jpg,800,800,RGB,34.626291145833335,18.095539664647127,0,218,5.850874852397365,14879.03908276,False
J100617.79-014233.0.jpg,800,800,RGB,36.32564114583333,23.396183272027663,0,255,6.208300856575854,13172.111260385002,False
J161652.69+102700.3.jpg,800,800,RGB,38.93351302083333,29.2800672173483,0,255,6.288710267057479,13500.05741106,False
J111358.03+022956.3.jpg,800,800,RGB,38.301475,28.714688918728946,0,255,6.389026612619453,13548.255372735,False
J022742.21+001344.6.jpg,800,800,RGB,39.530603125,26.863179898926216,0,255,6.3569402583699155,14217.720319785,False
J010031.37-004859.3.jpg,800,800,RGB,35.440402604166664,20.306305420166332,0,247,5.90713466002106,14813.195798359999,False
J114614.08+020800.5.jpg,800,800,RGB,37.631026041666665,26.667233500929036,0,255,6.253078968159375,13197.956577685,False
J113824.92+572932.0.jpg,800,800,RGB,35.11906458333333,18.895545845295455,0,255,5.958429037343957,12844.84402386,False
J154613.31+154727.7.jpg,800,800,RGB,38.279709375,27.56886874944038,0,255,6.431698864314197,13469.22413389,False
J150429.74+360958.2.jpg,800,800,RGB,37.756135416666666,25.69298888766471,0,255,6.23289180214952,13817.866842035002,False
J125214.80+484642.4.jpg,800,800,RGB,35.4164171875,19.46076898630819,0,255,6.126630801861616,13710.7811635,False
J114902.08+025030.9.jpg,800,800,RGB,34.524114583333336,22.46462691069831,0,255,6.156932483654907,13162.471610865001,False
J160701.97+503149.7.jpg,800,800,RGB,40.212699479166666,27.719946771877627,0,255,6.1432517576542915,14447.284047514999,False
J141800.64+133320.2.jpg,800,800,RGB,37.04039010416667,24.10629651481784,0,255,6.318395451836548,13055.23693826,False
J223535.99-092229.2.jpg,800,800,RGB,39.26871302083333,27.81699600513928,0,255,6.397830401370968,13677.22911926,False
J085125.55+265531.8.jpg,800,800,RGB,37.227746875,26.86651488351118,0,255,6.248994196229755,13438.9122065,False
J082408.90+043144.3.jpg,800,800,RGB,38.421785416666665,27.438432884288794,0,255,6.3734407675003,12705.84648125,False
J143336.52+024735.4.jpg,800,800,RGB,36.57956197916667,24.01345662452904,0,255,6.315147806301257,12899.552696875,False
J115008.42+520035.6.jpg,800,800,RGB,39.240521875,28.031064413331027,0,255,6.355903288881435,13859.60674975,False
J093649.87+480633.9.jpg,800,800,RGB,38.941081770833335,24.87857872072087,0,255,6.153674686949912,14284.545942465002,False
J163439.11+295551.0.jpg,800,800,RGB,37.50820989583333,26.427065953095834,0,255,6.298798221717081,14016.883450875002,False
J132845.90+004508.9.jpg,800,800,RGB,35.79458541666666,22.984866888686145,0,255,6.138098154120606,13816.962937865,False
J152357.64+414024.0.jpg,800,800,RGB,36.0882984375,21.484596801897442,0,255,6.052244870450062,13937.070424635,False
J111426.69+113648.2.jpg,800,800,RGB,34.87885677083333,22.137568977995915,0,255,6.188395141796947,12439.86063801,False
J151706.45+592134.0.jpg,800,800,RGB,36.224470833333335,22.2869164097081,0,255,6.110593889353795,13904.221938014998,False
J143237.54+232122.5.jpg,800,800,RGB,38.07232760416667,28.34284011712968,0,255,6.271998943416025,12562.758037125,False
J005732.56+140307.1.jpg,800,800,RGB,39.646788541666666,25.27432145476977,0,255,6.2485156465145915,13485.442321875,False
J162807.47-001743.0.jpg,800,800,RGB,37.72780677083333,27.459333812934403,0,255,6.170328520053133,12526.51601954,False
J093449.82+081851.7.jpg,800,800,RGB,38.55400364583333,29.03827191293535,0,255,6.340883148181542,13055.078060490001,False
J075003.39+234446.9.jpg,800,800,RGB,34.716321875,20.73520186815318,0,255,6.0474999821363635,13574.941076809999,False
J132336.13+045144.2.jpg,800,800,RGB,38.190688020833335,26.326519306734745,0,255,6.37470137747588,13671.94690149,False
J162139.49+424548.0.jpg,800,800,RGB,39.584709375,24.722049776568294,0,255,6.310432592101505,14322.309703134999,False
J081411.21+334901.6.jpg,800,800,RGB,39.26050677083333,23.376545454112403,0,255,6.059751354818327,14484.834635874999,False
J012003.73-000450.0.jpg,800,800,RGB,42.396752604166664,26.785126321497664,0,255,6.201722578609159,14643.625013375002,False
J121201.11+454824.9.jpg,800,800,RGB,40.59558697916667,27.878230672355812,0,255,6.298807120292211,14390.34763521,False
J114014.05+150308.7.jpg,800,800,RGB,35.7927,23.260336381596034,0,237,6.340395773813312,12536.552375039999,False
J122509.91+573157.4.jpg,800,800,RGB,37.7248328125,26.898638658206416,0,255,6.244238661756225,13428.527166500002,False
J100510.83+625045.7.jpg,800,800,RGB,37.68773958333333,25.552274130179686,0,255,6.1321369433645465,13579.981122289997,False
J230848.59+001445.1.jpg,800,800,RGB,34.61446822916667,17.753583210613513,0,255,5.638769519759295,12445.93812624,False
J153311.50+310043.0.jpg,800,800,RGB,38.035361458333334,27.330376026208114,0,255,6.418533073593253,14090.7680135,False
J111000.56-001143.5.jpg,800,800,RGB,37.2935796875,24.120012956662926,0,255,6.145849581879471,13939.04302671,False
J123334.91+234502.4.jpg,800,800,RGB,37.340940625,26.462125944266546,0,255,6.324396985555928,13838.298615249998,False
J163948.20+245316.3.jpg,800,800,RGB,37.28551875,26.275887213090733,0,255,6.412391579076921,13701.08596374,False
J130735.30+085730.0.jpg,800,800,RGB,38.41900885416667,26.092074363702157,0,255,6.340587135304695,13682.662749085,False
J143119.33+495147.7.jpg,800,800,RGB,38.29112864583333,27.082796043012408,0,255,6.122206253323514,13650.720067815,False
J163124.19+375602.2.jpg,800,800,RGB,37.2444828125,25.92985526955801,0,255,6.177658552053375,13660.410452875,False
J143654.60+464806.4.jpg,800,800,RGB,38.7211828125,27.38270882777648,0,255,6.108314024563227,12669.01728934,False
J122656.67+233331.5.jpg,800,800,RGB,38.5253703125,27.996801139694103,0,255,6.275946446739091,13079.796210089999,False
J152029.40+222959.2.jpg,800,800,RGB,36.40345833333333,24.735124454708746,0,255,6.274078046556194,12917.004447714999,False
J124229.93+594313.0.jpg,800,800,RGB,38.56612760416667,23.676207841733593,0,255,6.24944952974591,13557.052362989998,False
J120208.10+343930.8.jpg,800,800,RGB,36.67656510416667,22.255999256132952,0,255,6.00004330403817,12962.269749509998,False
J104305.67+513137.9.jpg,800,800,RGB,39.843709895833335,26.468786333450186,0,255,6.372568642387451,14114.290101384997,False
J105247.30+005811.0.jpg,800,800,RGB,36.5784265625,23.25422679552317,0,255,6.055028699631965,13414.644553835,False
J114452.37+570954.4.jpg,800,800,RGB,40.07561875,26.55207502352026,0,255,6.260354571512404,14664.743108965,False
J082028.58+361942.3.jpg,800,800,RGB,37.021506770833334,21.5892689262816,0,255,6.105705305313189,14420.780267125,False
J141354.73+601958.4.jpg,800,800,RGB,38.0753515625,24.530537447323262,0,255,6.012174234560127,12592.610158790001,False
J133153.39-020150.4.jpg,800,800,RGB,38.11296510416667,27.598570159027087,0,255,6.209026253598993,14342.817107740002,False
J081518.86+465954.6.jpg,800,800,RGB,36.19845364583333,22.19276702752398,0,255,6.13570515992934,13963.164160690001,False
J082003.85+040323.1.jpg,800,800,RGB,35.850647395833334,25.183740549617763,0,255,6.357368223989491,12195.718512315,False
J152206.50+303754.0.jpg,800,800,RGB,34.655735416666666,20.257170377136315,0,255,6.073561326346719,12604.768208615,False
J212910.67+032342.9.jpg,800,800,RGB,40.032155208333336,25.485726977746655,0,255,6.304674195089422,13367.07031096,False
J113105.17+363414.6.jpg,800,800,RGB,40.757586458333336,27.30873611074821,0,255,6.214618989254282,14855.863668839997,False
J142415.27+523025.9.jpg,800,800,RGB,37.783633333333334,23.418840484366903,0,255,6.157934683275637,13866.338354989999,False
J131756.67-003726.0.jpg,800,800,RGB,37.237025520833335,26.016695213650287,0,255,6.4182935522021936,13452.753085960001,False
J154241.16+220308.3.jpg,800,800,RGB,36.547427604166664,25.519691796186784,0,255,6.280690609956579,13439.661422874999,False
J151819.52+132718.3.jpg,800,800,RGB,38.110838541666666,25.207527464218852,0,255,6.302168224796642,12601.948332065,False
J100523.64+070103.5.jpg,800,800,RGB,34.754982291666664,21.364233610895955,0,255,6.155057267083959,12392.671965360001,False
J205916.26-053906.7.jpg,800,800,RGB,36.657359375,25.572987752908986,0,255,6.230380408112287,13998.869110165,False
J141216.14+572913.3.jpg,800,800,RGB,36.160825520833335,21.864856701779427,0,255,6.135176785268032,13475.730784889998,False
J143657.23+180447.5.jpg,800,800,RGB,38.876125520833334,26.74144316819079,0,255,6.336317434172757,13721.34980625,False
J135145.93-030037.7.jpg,800,800,RGB,34.6199109375,20.985796846527762,0,255,6.1947135441432195,12629.493495115,False
J024914.25-004529.0.jpg,800,800,RGB,35.841236458333334,22.132384581486864,0,255,5.751789232382164,13667.372198285002,False
J101941.19+002700.6.jpg,800,800,RGB,37.127366145833335,24.0533580306866,0,255,6.161428155483375,14174.625609375,False
J150724.80+042002.6.jpg,800,800,RGB,37.74245520833333,26.988882662069436,0,255,6.3707332942744905,12918.560502285001,False
J153701.82+304855.4.jpg,800,800,RGB,38.1013953125,28.321506840557934,0,255,6.313791037699608,13868.847700915,False
J105415.26+174007.0.jpg,800,800,RGB,36.983754166666664,26.892700714095252,0,255,6.353811863236652,12748.829954159999,False
J103718.25+503715.5.jpg,800,800,RGB,38.39555989583334,25.770890849586635,0,255,6.274934426619469,14577.827302875,False
J104314.04+211203.4.jpg,800,800,RGB,38.572661458333336,28.417338484848873,0,255,6.450894134839277,12255.85420449,False
J012620.70+002724.8.jpg,800,800,RGB,38.1834046875,25.776850517788947,0,255,6.036557175769407,14810.31456169,False
J113413.41+260643.2.jpg,800,800,RGB,35.51965364583333,21.592635684824092,0,255,6.2251873301226635,12254.356967984999,False
J160944.15+522204.5.jpg,800,800,RGB,38.154066666666665,26.663511621762968,0,255,6.20939123177677,14309.302967385,False
J161550.63+214929.7.jpg,800,800,RGB,37.157569270833335,26.485515922777914,0,255,6.365806468242482,13348.39700669,False
J130558.71+382832.5.jpg,800,800,RGB,37.84615677083333,27.001219734609638,0,255,6.2266738121841145,13799.63155,False
J002141.49-003430.8.jpg,800,800,RGB,38.7157265625,26.99556372829738,0,255,6.28517227187447,14702.790717414999,False
J083228.00+143551.4.jpg,800,800,RGB,37.49334322916667,28.087536000939433,0,255,6.357273298733499,13450.560621310002,False
J125156.71+035952.0.jpg,800,800,RGB,36.653174479166665,26.293983945868654,0,255,6.291765384341005,12309.449255085001,False
J114349.27+622857.1.jpg,800,800,RGB,37.3539984375,23.012447972103004,0,255,6.014722702731384,12982.22951374,False
J091906.48+513411.7.jpg,800,800,RGB,38.56437239583333,25.337057243024915,0,255,6.1562970695075,13916.613775374999,False
J131859.55+110833.6.jpg,800,800,RGB,37.7534984375,26.198097378445603,0,255,6.315942946290171,14062.068868635002,False
J102434.90+415042.6.jpg,800,800,RGB,36.97866875,21.460049029598547,0,255,6.037114911832565,13622.141553964999,False
J142634.00+163302.4.jpg,800,800,RGB,37.68387447916667,23.611169531267286,0,255,6.235198044983447,12875.909181215,False
J223432.40+012456.9.jpg,800,800,RGB,38.395834375,29.23409383290171,0,255,6.11497232638137,13567.695110960001,False
J111453.59+515026.2.jpg,800,800,RGB,36.813330729166665,25.659576852918416,0,255,6.090819086859438,14878.67658714,False
J135327.69+325507.0.jpg,800,800,RGB,38.362728645833336,26.479904690324297,0,255,6.233728941749744,14630.68987225,False
J101345.90-032226.9.jpg,800,800,RGB,35.15835104166667,23.990984785732945,0,255,6.222330488589433,13230.640730865,False
J084749.07+332735.8.jpg,800,800,RGB,39.60576770833333,25.250500586296116,0,255,6.264107100111432,13989.967070115,False
J000455.60-052707.1.jpg,800,800,RGB,39.96540520833334,28.594169770550366,0,255,6.1069614503308784,14797.998762965,False
J115700.03+253744.8.jpg,800,800,RGB,37.8804375,25.6346780426488,0,255,6.235237986593693,14349.31000625,False
J090734.07+200317.8.jpg,800,800,RGB,35.57767864583333,22.942332492461357,0,255,6.187892050583021,13717.85405241,False
J010551.02+092710.7.jpg,800,800,RGB,40.08551979166667,27.978884056228907,0,255,6.364587815424214,13808.542377509999,False
J104634.96+284726.2.jpg,800,800,RGB,38.02933645833333,28.015141493732976,0,255,6.384541796073369,13763.951683335,False
J125631.86+674417.0.jpg,800,800,RGB,37.1607875,24.88812537898031,0,255,6.1805707657860145,14404.901346314997,False
J120240.23+235845.4.jpg,800,800,RGB,37.854016666666666,26.4013530333464,0,255,6.332112918227035,12848.174429609999,False
J135754.30+230413.2.jpg,800,800,RGB,33.55482395833333,19.229300520306488,0,255,5.965878027941017,12808.066596114999,False
J135013.27+421825.7.jpg,800,800,RGB,37.706242708333335,26.366353586441555,0,255,6.232801724097879,13840.344285235,False
J030723.98-150828.9.jpg,800,800,RGB,34.829284375,19.707464320033182,0,255,5.681577476465027,12555.85167099,False
J224408.71+010121.6.jpg,800,800,RGB,40.32390572916667,30.67967534621979,0,255,6.106424472601764,14838.105651499998,False
J094322.78+605222.0.jpg,800,800,RGB,37.2359328125,22.396005963202885,0,255,6.150868909497337,14505.572697115002,False
J123755.17+493058.0.jpg,800,800,RGB,35.695508333333336,20.458471005101952,0,255,6.025230226560066,12961.319803215,False
J135510.59+582001.6.jpg,800,800,RGB,40.730698958333335,29.98206682528114,0,255,6.2423122409450045,13634.87490524,False
J141650.13-015217.4.jpg,800,800,RGB,40.189746354166665,27.981587956194463,0,255,6.383475454178339,12881.95703916,False
J151532.72+381212.4.jpg,800,800,RGB,39.3116828125,28.22281546335444,0,255,6.337477828360074,14848.304395560002,False
J102328.12-015908.2.jpg,800,800,RGB,34.7104515625,20.505805776816185,0,255,6.155945087682199,12776.49555156,False
J103346.46+612829.5.jpg,800,800,RGB,39.249411458333334,25.90104317734041,0,255,6.240596507158036,14523.799232715002,False
J075213.89+350258.4.jpg,800,800,RGB,39.49125989583333,28.726304504505606,0,255,6.219776137900456,14730.427924465,False
J095417.50+574943.3.jpg,800,800,RGB,37.64116979166667,25.765260834728366,0,255,6.227472810728975,14374.05402586,False
J093314.13+474019.7.jpg,800,800,RGB,38.1330390625,26.650229030510836,0,255,6.234803677058658,13995.858253125,False
J001252.81-104807.8.jpg,800,800,RGB,36.188229166666666,22.51813794361076,0,255,5.946546595661106,12217.034032214999,False
J131853.32+501440.0.jpg,800,800,RGB,36.491596875,22.454344471337617,0,255,6.118470255724138,13599.593247615003,False
J152747.54+001609.1.jpg,800,800,RGB,36.455839583333336,22.807333019029937,0,255,6.067073317398207,12335.639336865,False
J111451.78+440000.5.jpg,800,800,RGB,37.62061197916667,23.622504203276478,0,255,5.937620762828491,13603.070515165002,False
J171409.63+634157.0.jpg,800,800,RGB,38.71456927083333,22.425187722804328,0,255,6.0732423661066886,13902.001936165001,False
J101807.10+561041.6.jpg,800,800,RGB,36.45781927083333,21.79368780353049,0,255,6.1348656265646815,14433.636043465,False
J101134.39+095923.1.jpg,800,800,RGB,36.893244270833335,25.686048612397677,0,255,6.330626648725942,13500.863168375,False
J130540.17+062946.2.jpg,800,800,RGB,36.72943229166667,24.497143230355263,0,255,6.22935902889523,13062.82063549,False
J220930.85-000914.3.jpg,800,800,RGB,41.06795260416666,23.952836115258258,0,255,6.077443949418109,14586.959921990001,False
J114219.21+424121.5.jpg,800,800,RGB,35.403020833333336,19.557600377889734,0,255,5.796590050397732,14672.237972249999,False
J124119.23+493425.5.jpg,800,800,RGB,38.1713203125,24.653305514434063,0,255,6.221897687801964,13378.056500215,False
J101432.97+440025.4.jpg,800,800,RGB,37.29922447916667,24.187148158996216,0,255,6.098278894178306,14337.98693766,False
J132048.41+172726.8.jpg,800,800,RGB,37.08624947916667,26.670088037409567,0,255,6.223448127425218,14207.616164885,False
J075200.05+482854.5.jpg,800,800,RGB,36.82602760416667,22.132790713132437,0,255,6.120618904564188,14553.879881,False
J143957.71+045916.1.jpg,800,800,RGB,37.241986458333336,25.823338016298035,0,255,6.25552126733384,13711.923213865,False
J104115.03+322124.8.jpg,800,800,RGB,39.35372604166667,27.421415003681215,0,255,6.375230072214801,13079.57584424,False
J101057.83+302926.8.jpg,800,800,RGB,39.08730364583333,29.22457303741592,0,255,6.369767832788557,12226.73453179,False
J091454.00+201748.7.jpg,800,800,RGB,36.806840625,25.152615790857944,0,255,6.216997863356051,13092.778726890001,False
J083542.34+365419.6.jpg,800,800,RGB,35.890602083333334,20.982265324256474,0,255,6.009600356763606,14038.433259035004,False
J135708.01+195943.9.jpg,800,800,RGB,38.732865625,27.521771640388515,0,255,6.224620159964904,14407.7496565,False
J095934.80+274910.8.jpg,800,800,RGB,39.78750260416667,27.227433461081077,0,255,6.2902262279890335,12291.20263426,False
J140439.38+022343.7.jpg,800,800,RGB,38.484730729166664,27.35765902767209,0,255,6.37978700744112,13705.693810590003,False
J234726.13+005528.2.jpg,800,800,RGB,36.54591979166667,23.740424401171378,0,255,5.922055266860639,13924.88362059,False
J120329.00+514653.1.jpg,800,800,RGB,39.33615520833333,27.769176007477135,0,255,6.293673298175763,13978.287183740002,False
J091237.49+343729.3.jpg,800,800,RGB,38.15688333333333,26.033252796402312,0,255,6.141804782443448,15122.155662090003,False
J120221.18+163607.1.jpg,800,800,RGB,37.24681145833333,25.85482389185885,0,255,6.362302351453472,13699.73503125,False
J124201.17+622133.5.jpg,800,800,RGB,39.3092953125,28.027001999806643,0,255,6.313399159624158,14638.055355235,False
J081317.25+062947.6.jpg,800,800,RGB,37.29918020833333,25.333230802043555,0,255,6.222132932255123,14109.442810189998,False
J033541.82+001242.3.jpg,800,800,RGB,36.940301041666665,26.622796868806013,0,255,6.352787204466455,13904.542364840001,False
J231745.13+005233.2.jpg,800,800,RGB,33.8532484375,16.43256497273236,0,255,5.692277650986254,13900.708171499997,False
J235529.72+101514.6.jpg,800,800,RGB,38.41380208333333,23.427126218036836,0,255,6.120131697036425,13687.225982125003,False
J120519.62+553904.8.jpg,800,800,RGB,38.486505729166666,27.131933794816792,0,255,6.212859524053035,12757.72304829,False
J223141.16-005233.4.jpg,800,800,RGB,37.531606770833335,23.832228834508346,0,255,5.837893237998826,13920.725542965001,False
J120255.52+584008.9.jpg,800,800,RGB,40.69505572916667,29.084218034514628,0,255,6.276490431554569,13941.737620290001,False
J103156.39+360055.0.jpg,800,800,RGB,40.77816979166667,26.56581574803738,0,255,6.269541688928998,14864.889049834996,False
J150233.98+405343.2.jpg,800,800,RGB,35.88285416666667,21.05614451046058,0,234,6.036189119500191,14033.363970249999,False
J135921.82+303417.9.jpg,800,800,RGB,37.66193697916667,27.937783226718466,0,255,6.309073611674297,13152.084258664998,False
J024723.12+000331.5.jpg,800,800,RGB,37.64046666666667,23.09933563147554,0,255,5.855846069820562,12769.32909246,False
J092633.98+124720.7.jpg,800,800,RGB,37.015775,23.208197727836925,0,255,6.305855762088331,12493.19313616,False
J161715.27+355525.8.jpg,800,800,RGB,39.563193229166664,26.97839359930685,0,255,6.284889359870636,13143.734458414998,False
J143045.28+424945.2.jpg,800,800,RGB,38.344369791666665,25.88000499236661,0,255,6.154857767919862,14479.05823161,False
J125649.94+542328.6.jpg,800,800,RGB,35.2726359375,19.561712906417053,0,255,6.002694053423213,12729.150803999999,False
J220707.34-010451.9.jpg,800,800,RGB,38.22041875,26.14608620631359,0,255,6.06043608909452,14254.018316865004,False
J115225.85+585827.7.jpg,800,800,RGB,34.391305208333335,17.378303253883306,0,255,5.798187172859662,13161.456574285,False
J134644.10-031203.0.jpg,800,800,RGB,34.642429166666666,22.121221696577912,0,255,6.227551958111962,13279.73072146,False
J221022.97-083538.1.jpg,800,800,RGB,37.44456770833333,26.277015863254093,0,255,6.3862410437202195,13359.93750384,False
J122335.27+325929.7.jpg,800,800,RGB,37.037307291666664,22.072585320920652,0,255,6.219205916151053,13934.547714125001,False
J142128.23+254655.9.jpg,800,800,RGB,37.831128125,26.059445944126175,0,255,6.390903969658272,12904.180436814999,False
J012143.88-004421.4.jpg,800,800,RGB,39.840801041666666,29.095649650907127,0,255,6.112725356023575,14652.566815034997,False
J084504.09+434108.7.jpg,800,800,RGB,39.819765625,22.27464720884265,0,255,6.080867790168734,12863.792642085002,False
J215054.41+003616.7.jpg,800,800,RGB,40.863065625,23.36779643944368,0,255,6.12407533667091,14647.31454975,False
J124215.84-035401.9.jpg,800,800,RGB,35.46044166666667,22.525984318410238,0,255,6.238265562875938,13251.384769209999,False
J015418.51-102333.2.jpg,800,800,RGB,37.828153125,25.645955636835854,0,255,5.9826785035071275,14297.55662229,False
J081551.33+404230.7.jpg,800,800,RGB,36.37334947916667,22.918339709984213,0,255,6.082996833475969,13922.441482165,False
J150413.87+372453.3.jpg,800,800,RGB,37.20065625,23.763206845233153,0,255,6.2273293870708715,13822.413547750002,False
J022239.39-003333.8.jpg,800,800,RGB,34.992343229166664,22.21491602455492,0,255,6.155191426897341,13851.395583385003,False
J151241.17+072550.1.jpg,800,800,RGB,35.520065625,26.571579771202163,0,255,6.324864913356321,13205.71290704,False
J092002.11+562123.6.jpg,800,800,RGB,37.2136453125,25.25639850763129,0,255,6.324071871947015,13215.662706035,False
J120823.97+163301.8.jpg,800,800,RGB,38.137815625,27.01284788028663,0,255,6.359111460163643,13597.61583854,False
J235433.91+155803.9.jpg,800,800,RGB,37.31483958333333,25.002744036807236,0,255,6.2283442242568015,13691.62511475,False
J085108.40+141539.3.jpg,800,800,RGB,38.470696875,27.697486398321395,0,255,6.4667051140151175,13328.09244454,False
J110113.50+245731.3.jpg,800,800,RGB,36.77368645833333,24.88694030623006,0,255,6.26740120125666,13052.069557335,False
J112650.78-055645.0.jpg,800,800,RGB,35.78880885416667,22.71980158886564,0,255,6.188089736453903,13466.966626625,False
J123838.82+552306.3.jpg,800,800,RGB,39.217606770833335,26.572107593880986,0,255,6.156092042933923,14544.31651419,False
J003648.97+250522.2.jpg,800,800,RGB,41.25425833333333,27.563802569219845,0,255,6.231469409577042,13933.064980635,False
J093852.67+110552.5.jpg,800,800,RGB,37.52334895833334,25.283680541035647,0,255,6.389982558843121,12931.17527256,False
J093538.87+313924.2.jpg,800,800,RGB,36.033172916666665,24.743228210278726,0,255,6.28778879355433,13641.540385185,False
J110719.40-014411.0.jpg,800,800,RGB,35.103475520833335,22.215149781078562,0,255,6.1440537795495125,12745.747979535001,False
J164653.23+310138.5.jpg,800,800,RGB,38.2110125,27.085186291276955,0,255,6.3682819595561435,13007.61828526,False
J170521.61+372248.2.jpg,800,800,RGB,41.949901041666664,27.66514147070956,0,255,6.258420865279229,12983.710412564998,False
J112104.99+394350.2.jpg,800,800,RGB,36.13262552083334,20.947578408980604,0,255,6.048631657216213,14405.275304915,False
J121001.56+293158.3.jpg,800,800,RGB,39.488619791666665,27.086122997441418,0,255,6.421949293990916,14017.307261765,False
J001248.00-120652.0.jpg,800,800,RGB,36.7371828125,26.299497926547087,0,255,6.100826456188145,12752.450700165,False
J150732.64+010259.0.jpg,800,800,RGB,38.50384322916667,23.699354461593593,0,255,6.140194121421523,12309.255825139999,False
J075113.67+212133.2.jpg,800,800,RGB,36.935475,27.266578215207748,0,255,6.303794341424143,13964.9166015,False
J030659.14-003353.5.jpg,800,800,RGB,162.05416197916668,44.54932435328486,12,255,7.436509017470768,11278.029277125,False
J102017.50+185509.9.jpg,800,800,RGB,197.34197552083333,66.20387271632215,0,255,6.124506998744333,10475.715823640001,False
J113109.59+003339.9.jpg,800,800,RGB,158.72293489583333,69.71277566312519,0,255,7.194166626835619,10481.567847749999,False
J234356.89+290758.0.jpg,800,800,RGB,177.51246875,39.38871792453528,41,255,6.9900779127087045,11857.812899715002,False
J151520.39+314417.0.jpg,800,800,RGB,159.07315989583333,71.25291147724286,0,255,7.1876924798479065,10715.678675615001,False
J112016.00+133239.9.jpg,800,800,RGB,200.99469479166666,52.17173215869009,38,255,6.414930918163041,15032.50027921,False
J001743.49+160321.9.jpg,800,800,RGB,35.00340729166667,17.52177704121446,0,255,4.51610397875255,14287.21705041,False
J140658.97+093810.0.jpg,800,800,RGB,33.9779671875,13.714223473922006,0,255,4.603237853741454,14578.838612465002,False
J131247.88+040442.8.jpg,800,800,RGB,35.43641822916667,18.04634043765525,0,255,4.276650580771019,14586.180347784999,False
J152351.60+580315.9.jpg,800,800,RGB,35.820798958333334,17.87869625266336,0,255,4.933062001274844,14204.09413125,False
J122738.77+182604.3.jpg,800,800,RGB,34.37301822916667,14.320106516010139,0,255,4.832595188422643,14326.403469365001,False
J234145.47-010529.5.jpg,800,800,RGB,35.792569791666665,18.484270249782764,0,255,4.359423827425741,15073.01533125,False
J074852.60+295421.2.jpg,800,800,RGB,35.350563541666666,17.48350707914712,0,255,4.861280995746132,14537.817216984999,False
J165158.97+385727.9.jpg,800,800,RGB,38.66719270833333,26.445504909750035,0,255,5.139129970710895,14380.259882839999,False
J022350.69-043703.0.jpg,800,800,RGB,33.8879453125,12.417893822068859,2,255,4.216605424828779,15046.028800340002,False
J160437.56+000721.1.jpg,800,800,RGB,34.20492083333333,15.26549053263818,0,255,4.783419151045698,13399.537365590002,False
J115553.72+405527.1.jpg,800,800,RGB,33.48937291666667,10.433952819526253,0,255,4.646641324918201,14361.105218940002,False
J122042.08+292045.1.jpg,800,800,RGB,35.63377239583333,18.394041374073097,0,255,4.967453003731857,14225.720951615,False
J014822.45+113117.5.jpg,800,800,RGB,37.723080208333336,24.95700124739182,0,255,4.847782857153595,14630.858554415003,False
J091242.29+300047.9.jpg,800,800,RGB,37.83289479166667,24.893131809115832,0,255,6.339110053322485,11631.15435071,False
J100624.53+070632.9.jpg,800,800,RGB,35.345610416666666,22.815845834599795,0,255,6.214273700079043,12058.527631685001,False
J122608.60+174727.6.jpg,800,800,RGB,36.087576041666665,24.1653990806813,0,255,6.3174073964571855,12113.887699015,False
J004149.01-095704.9.jpg,800,800,RGB,33.86113541666667,17.965905672342146,0,255,6.013286244597425,7256.333796259999,False
J070407.39+291426.0.jpg,800,800,RGB,40.68827604166667,38.20363493077329,0,255,6.196625475341487,11380.204289489999,False
J075812.10+134559.3.jpg,800,800,RGB,37.889777083333335,28.792199462128192,0,255,6.475595500296069,12020.48466071,False
J091649.30+272119.7.jpg,800,800,RGB,38.58677395833333,27.2145200304633,0,255,6.296609601861501,11849.21835769,False
J110039.06+084714.7.jpg,800,800,RGB,38.237499479166665,29.65581333077708,0,255,6.472028645381663,11640.30814366,False
J004442.39+144210.9.jpg,800,800,RGB,36.75517760416667,24.016544688304595,0,255,6.191842920660066,10911.06084366,False
J035028.35-063923.6.jpg,800,800,RGB,35.25596145833333,21.007056685953128,0,255,6.086728671568061,11325.47679906,False
J004404.59+285228.9.jpg,800,800,RGB,36.636492708333336,23.986363030005997,0,255,6.131129175987118,7980.183985365001,False
J141648.81+050956.4.jpg,800,800,RGB,38.2765125,24.896582140841684,0,255,6.337211217133428,11945.955596109998,False
J103006.40+382807.9.jpg,800,800,RGB,37.087657291666666,24.47139032266491,0,255,5.938777031255726,11637.946352535,False
J094303.37+110446.4.jpg,800,800,RGB,36.318583333333336,22.848285846383654,0,255,6.224282792697697,8999.896764625,False
J082110.10+124159.5.jpg,800,800,RGB,36.2548828125,22.41558829953816,0,255,6.132949536891309,10848.807995989999,False
J095405.10-025343.1.jpg,800,800,RGB,35.92557083333333,22.095549770805643,0,255,6.125472380975857,9471.0451375,False
J011853.42+045627.7.jpg,800,800,RGB,36.623154166666666,23.182946110080557,0,255,6.249147708011957,11244.426915085,False
J073912.61+312105.6.jpg,800,800,RGB,40.031718229166664,30.829841514482446,0,255,6.300210279249828,11679.56687434,False
J133807.23-015336.9.jpg,800,800,RGB,36.573191145833334,22.29213282224258,0,255,6.057622896896165,10989.198543999999,False
J105013.89+271804.0.jpg,800,800,RGB,34.0846671875,18.326773979295815,0,255,6.041449258664394,11269.854103735,False
J031729.72-080842.7.jpg,800,800,RGB,36.11634895833333,22.24223856678013,0,255,6.082130724443202,9300.468075409999,False
J122955.01+310414.0.jpg,800,800,RGB,37.57401875,26.530945343277573,0,255,6.2915623851045135,9829.802748885,False
J080546.10+454256.0.jpg,800,800,RGB,36.76952135416666,22.125196607178765,0,255,6.070219034534652,9722.576865625,False
J103807.80-011200.5.jpg,800,800,RGB,33.22006145833333,17.448802640283265,0,255,5.997831432465952,10923.633973375,False
J070552.49+655739.9.jpg,800,800,RGB,36.745555208333336,22.203929000434293,0,255,5.971672808778499,10077.102353365,False
J124830.22+291536.5.jpg,800,800,RGB,35.399068229166666,21.672121018587525,0,255,6.1320853084820515,11928.833863635,False
J080416.18+433821.0.jpg,800,800,RGB,35.65604166666667,20.87214189411963,0,255,5.708752163996321,9412.239534535,False
J143516.95+405233.9.jpg,800,800,RGB,35.4844359375,18.452220972057134,0,255,5.8452576705334875,11728.675112125,False
J143530.48+151943.4.jpg,800,800,RGB,36.475883333333336,23.01411117506074,0,255,6.187989105339997,10235.88129134,False
J130919.39+461442.2.jpg,800,800,RGB,38.59933645833333,24.443622314447975,0,255,6.071673116674425,11549.156372125,False
J113107.09+211648.9.jpg,800,800,RGB,37.572577083333336,28.3704485017769,0,255,6.272400240279944,9367.379586,False
J083934.40+235905.6.jpg,800,800,RGB,36.3917703125,22.527545982672198,0,255,6.236058984688014,8778.401137235,False
J112816.86-015226.7.jpg,800,800,RGB,34.66018489583333,19.588237971824153,0,255,6.028358076489186,11422.039960435,False
J130148.08+132058.4.jpg,800,800,RGB,34.296989583333335,18.639113983879657,0,255,6.0340959608434,7768.084437875,False
J101724.95+505415.3.jpg,800,800,RGB,37.35680052083333,21.899876002141344,0,255,5.864961899560979,11747.28440975,False
J102647.96+084317.4.jpg,800,800,RGB,38.326528645833335,27.792207679298954,0,255,6.388063691523311,10970.174052065,False
J105654.44+115050.5.jpg,800,800,RGB,36.255236458333336,23.075296769857676,0,255,6.2921055899342555,11858.5950315,False
J122448.82+100340.6.jpg,800,800,RGB,35.33026822916667,22.200869950131153,0,255,6.225462866603365,11040.69083306,False
J113753.78+215851.8.jpg,800,800,RGB,43.96129375,35.88471610230291,0,255,6.535834340235787,8661.524372235,False
J012425.79+332424.9.jpg,800,800,RGB,35.379497916666665,24.817026184112237,0,255,6.047695448190555,9826.34130064,False
J082140.13+102004.3.jpg,800,800,RGB,37.273213541666664,25.438942223370518,0,255,6.288324466024498,8654.234513375,False
J114949.04+150557.8.jpg,800,800,RGB,36.656711458333334,24.41337798937624,0,255,6.1996141611292135,11036.495956785,False
J093857.15+004133.7.jpg,800,800,RGB,33.9897984375,17.475075899662237,0,255,5.843964273216016,8210.47227419,False
J151711.34+143913.4.jpg,800,800,RGB,38.747002083333335,24.934123505165143,0,255,6.309657845769996,10447.049755490001,False
J092615.27+183257.1.jpg,800,800,RGB,36.22572239583333,23.983338464008426,0,255,6.150198326817171,10004.425477059998,False
J001812.81+083344.0.jpg,800,800,RGB,36.550825520833335,23.070266874083444,0,255,6.113601466953354,8835.545065639999,False
J095951.79+002042.9.jpg,800,800,RGB,43.209457291666666,28.019041303364293,0,181,6.596073667819261,11576.957779864999,False
J023810.29+020905.9.jpg,800,800,RGB,36.31944375,22.552734808826457,0,255,5.90696356162991,11156.192766335,False
J110952.99-025745.0.jpg,800,800,RGB,36.51261041666667,22.879999461372183,0,255,6.096215971092816,7822.75079946,False
J232151.59-004129.0.jpg,800,800,RGB,36.641247916666664,25.259566402837773,0,255,5.616803928533673,11659.56782164,False
J093717.84+095345.0.jpg,800,800,RGB,34.886400520833334,20.44270792085774,0,255,6.008638706190035,10666.479894139999,False
J212037.19+010533.0.jpg,800,800,RGB,42.56174479166667,30.700565074832667,0,255,6.187668452190087,11486.583493215001,False
J140506.89+220016.5.jpg,800,800,RGB,34.9771109375,22.1023644226129,0,255,6.239024112072644,11808.70823311,False
J131137.74+130539.2.jpg,800,800,RGB,40.291677604166665,28.73682043397276,0,255,6.496187697635996,11797.056907590002,False
J131809.15+080506.5.jpg,800,800,RGB,34.6562515625,20.11471634336951,0,255,6.075521552858415,10242.65705606,False
J005853.60+290237.0.jpg,800,800,RGB,43.002559895833336,32.24172074297162,0,255,6.492684696183073,11161.031038960002,False
J103139.65+073816.5.jpg,800,800,RGB,35.0418734375,20.49201323713864,0,255,6.148767436121198,11586.22993511,False
J085534.33+180059.8.jpg,800,800,RGB,34.44077864583333,19.180954912956686,0,255,6.058868961077475,10922.51499209,False
J123415.34+161533.8.jpg,800,800,RGB,36.857702083333336,26.033155567524126,0,255,6.319526735921012,12083.337994585,False
J155024.17+003409.0.jpg,800,800,RGB,38.528869791666665,27.95050049629635,0,255,6.005572697596914,11621.865079809999,False
J112954.99+162538.0.jpg,800,800,RGB,34.795660416666664,19.23425956900906,0,255,6.065152245669872,9125.175785085,False
J104049.02+150953.2.jpg,800,800,RGB,34.51686614583333,19.136843743151363,0,255,6.0678761455234085,9058.65630696,False
J095844.99-023042.0.jpg,800,800,RGB,35.3901015625,23.16104028140291,0,255,6.189429848535211,11813.742358014999,False
J010504.45+270319.2.jpg,800,800,RGB,39.78781875,28.069057603385055,0,255,6.307291969986724,11287.352696509999,False
J003243.69+260705.9.jpg,800,800,RGB,37.310194270833335,25.55817615904629,0,255,6.148529694713497,9319.573277665,False
J132358.19-032552.9.jpg,800,800,RGB,35.640327604166664,22.205298772594247,0,255,6.096263019073536,8034.615881115,False
J113018.05+261238.2.jpg,800,800,RGB,41.730930208333334,32.4449992678206,0,255,6.620673923208035,10947.374855290002,False
J003544.69+154648.1.jpg,800,800,RGB,33.71695520833333,17.064109424097612,0,255,5.844465691353749,12019.464062285,False
J130654.21+201610.5.jpg,800,800,RGB,35.84761145833333,22.80113732139332,0,255,6.160840279227533,11211.890883935,False
J151704.82+293338.6.jpg,800,800,RGB,36.919782291666664,24.437803781455823,0,255,6.250695328179774,11638.76581206,False
J133153.12+535836.3.jpg,800,800,RGB,35.86197447916667,23.63756042865039,0,255,5.940485652832161,11570.82915625,False
J114112.27+293044.8.jpg,800,800,RGB,34.06195104166667,18.862384486770747,0,255,6.073655778561028,11742.512944735,False
J135619.24+283210.8.jpg,800,800,RGB,45.3252265625,34.00359670123948,0,255,6.591268046742443,11049.606742015001,False
J114247.39+581410.9.jpg,800,800,RGB,39.59736770833333,25.828573400487567,0,255,6.106143040633572,11846.923901484999,False
J115632.03+014430.1.jpg,800,800,RGB,34.4894375,19.146194462397144,0,255,6.1530732083105475,12003.674832534998,False
J003446.09+224645.9.jpg,800,800,RGB,34.63656041666667,18.9017686342469,0,255,5.967664716707519,8828.375497590001,False
J084640.34+281829.6.jpg,800,800,RGB,39.31227447916667,24.844029018636004,0,255,6.153810203976786,12045.85313019,False
J141129.00+240218.9.jpg,800,800,RGB,37.077477083333335,25.088537356262083,0,255,6.16948929780928,10319.885778125,False
J151121.40+013638.9.jpg,800,800,RGB,36.10601302083333,21.074008163934558,0,255,5.813101544099366,10255.979203125,False
J030555.26-080109.5.jpg,800,800,RGB,34.66350677083334,18.779080390891302,0,255,5.6839860574799,11623.443039615,False
J142437.21+262039.0.jpg,800,800,RGB,36.408531770833335,23.31576456634123,0,255,6.320807488311987,10948.567720435,False
J102855.74+095141.8.jpg,800,800,RGB,35.530271354166665,21.44146606411162,0,255,6.126738771709758,8287.148133159999,False
